file,line,type,commit,author,date,time,timezone,datetime,depth,length
style.css,1,css,d576ffad,Icebolt365337,2025-10-10,00:32:34,-07:00,2025-10-10T00:32:34-07:00,0,5
style.css,2,css,d576ffad,Icebolt365337,2025-10-10,00:32:34,-07:00,2025-10-10T00:32:34-07:00,2,44
style.css,3,css,d576ffad,Icebolt365337,2025-10-10,00:32:34,-07:00,2025-10-10T00:32:34-07:00,2,31
style.css,4,css,d576ffad,Icebolt365337,2025-10-10,00:32:34,-07:00,2025-10-10T00:32:34-07:00,0,0
style.css,5,css,f443be6f,Icebolt365337,2025-10-15,22:48:55,-07:00,2025-10-15T22:48:55-07:00,0,18
style.css,6,css,635f9c64,Icebolt365337,2025-10-15,22:42:15,-07:00,2025-10-15T22:42:15-07:00,2,17
style.css,7,css,635f9c64,Icebolt365337,2025-10-15,22:42:15,-07:00,2025-10-15T22:42:15-07:00,2,8
style.css,8,css,635f9c64,Icebolt365337,2025-10-15,22:42:15,-07:00,2025-10-15T22:42:15-07:00,2,10
style.css,9,css,635f9c64,Icebolt365337,2025-10-15,22:42:15,-07:00,2025-10-15T22:42:15-07:00,2,19
style.css,10,css,635f9c64,Icebolt365337,2025-10-15,22:42:15,-07:00,2025-10-15T22:42:15-07:00,2,27
style.css,11,css,635f9c64,Icebolt365337,2025-10-15,22:42:15,-07:00,2025-10-15T22:42:15-07:00,0,0
style.css,12,css,8fb21872,Icebolt365337,2025-10-09,23:08:19,-07:00,2025-10-09T23:08:19-07:00,0,3
style.css,13,css,66918264,Icebolt365337,2025-10-15,22:32:44,-07:00,2025-10-15T22:32:44-07:00,2,17
style.css,14,css,6a007a78,Icebolt365337,2025-10-09,23:23:11,-07:00,2025-10-09T23:23:11-07:00,2,12
style.css,15,css,b2c304af,Icebolt365337,2025-10-09,23:33:25,-07:00,2025-10-09T23:33:25-07:00,2,18
style.css,16,css,b2c304af,Icebolt365337,2025-10-09,23:33:25,-07:00,2025-10-09T23:33:25-07:00,2,23
style.css,17,css,b2c304af,Icebolt365337,2025-10-09,23:33:25,-07:00,2025-10-09T23:33:25-07:00,2,25
style.css,18,css,b2c304af,Icebolt365337,2025-10-09,23:33:25,-07:00,2025-10-09T23:33:25-07:00,2,37
style.css,19,css,df6e1b83,Icebolt365337,2025-10-15,22:24:03,-07:00,2025-10-15T22:24:03-07:00,2,39
style.css,20,css,df6e1b83,Icebolt365337,2025-10-15,22:24:03,-07:00,2025-10-15T22:24:03-07:00,2,39
style.css,21,css,2d3e9142,Icebolt365337,2025-10-10,00:03:57,-07:00,2025-10-10T00:03:57-07:00,2,1
style.css,22,css,bc587606,Icebolt365337,2025-10-09,23:58:17,-07:00,2025-10-09T23:58:17-07:00,4,6
style.css,23,css,bc587606,Icebolt365337,2025-10-09,23:58:17,-07:00,2025-10-09T23:58:17-07:00,4,20
style.css,24,css,bc587606,Icebolt365337,2025-10-09,23:58:17,-07:00,2025-10-09T23:58:17-07:00,4,13
style.css,25,css,bc587606,Icebolt365337,2025-10-09,23:58:17,-07:00,2025-10-09T23:58:17-07:00,4,17
style.css,26,css,2d3e9142,Icebolt365337,2025-10-10,00:03:57,-07:00,2025-10-10T00:03:57-07:00,4,13
style.css,27,css,bc587606,Icebolt365337,2025-10-09,23:58:17,-07:00,2025-10-09T23:58:17-07:00,2,0
style.css,28,css,2d3e9142,Icebolt365337,2025-10-10,00:03:57,-07:00,2025-10-10T00:03:57-07:00,2,9
style.css,29,css,eb90f6cc,Icebolt365337,2025-10-10,00:14:33,-07:00,2025-10-10T00:14:33-07:00,4,21
style.css,30,css,2d3e9142,Icebolt365337,2025-10-10,00:03:57,-07:00,2025-10-10T00:03:57-07:00,4,25
style.css,31,css,a751b942,Icebolt365337,2025-10-10,00:20:39,-07:00,2025-10-10T00:20:39-07:00,4,25
style.css,32,css,bc587606,Icebolt365337,2025-10-09,23:58:17,-07:00,2025-10-09T23:58:17-07:00,2,0
style.css,33,css,d576ffad,Icebolt365337,2025-10-10,00:32:34,-07:00,2025-10-10T00:32:34-07:00,2,7
style.css,34,css,d576ffad,Icebolt365337,2025-10-10,00:32:34,-07:00,2025-10-10T00:32:34-07:00,4,21
style.css,35,css,d576ffad,Icebolt365337,2025-10-10,00:32:34,-07:00,2025-10-10T00:32:34-07:00,4,25
style.css,36,css,d576ffad,Icebolt365337,2025-10-10,00:32:34,-07:00,2025-10-10T00:32:34-07:00,4,25
style.css,37,css,d576ffad,Icebolt365337,2025-10-10,00:32:34,-07:00,2025-10-10T00:32:34-07:00,4,39
style.css,38,css,d576ffad,Icebolt365337,2025-10-10,00:32:34,-07:00,2025-10-10T00:32:34-07:00,2,0
style.css,39,css,8fb21872,Icebolt365337,2025-10-09,23:08:19,-07:00,2025-10-09T23:08:19-07:00,2,2
style.css,40,css,8fb21872,Icebolt365337,2025-10-09,23:08:19,-07:00,2025-10-09T23:08:19-07:00,4,16
style.css,41,css,8fb21872,Icebolt365337,2025-10-09,23:08:19,-07:00,2025-10-09T23:08:19-07:00,4,2
style.css,42,css,8fb21872,Icebolt365337,2025-10-09,23:08:19,-07:00,2025-10-09T23:08:19-07:00,6,16
style.css,43,css,8fb21872,Icebolt365337,2025-10-09,23:08:19,-07:00,2025-10-09T23:08:19-07:00,4,0
style.css,44,css,8fb21872,Icebolt365337,2025-10-09,23:08:19,-07:00,2025-10-09T23:08:19-07:00,2,0
style.css,45,css,8fb21872,Icebolt365337,2025-10-09,23:08:19,-07:00,2025-10-09T23:08:19-07:00,0,0
style.css,46,css,d6f50149,Icebolt365337,2025-10-10,01:47:55,-07:00,2025-10-10T01:47:55-07:00,0,4
style.css,47,css,d6f50149,Icebolt365337,2025-10-10,01:47:55,-07:00,2025-10-10T01:47:55-07:00,2,43
style.css,48,css,d6f50149,Icebolt365337,2025-10-10,01:47:55,-07:00,2025-10-10T01:47:55-07:00,0,42
style.css,49,css,d6f50149,Icebolt365337,2025-10-10,01:47:55,-07:00,2025-10-10T01:47:55-07:00,0,0
style.css,50,css,d6f50149,Icebolt365337,2025-10-10,01:47:55,-07:00,2025-10-10T01:47:55-07:00,2,23
style.css,51,css,42589215,Icebolt365337,2025-10-10,02:14:15,-07:00,2025-10-10T02:14:15-07:00,2,2
style.css,52,css,42589215,Icebolt365337,2025-10-10,02:14:15,-07:00,2025-10-10T02:14:15-07:00,4,23
style.css,53,css,42589215,Icebolt365337,2025-10-10,02:14:15,-07:00,2025-10-10T02:14:15-07:00,2,0
style.css,54,css,42589215,Icebolt365337,2025-10-10,02:14:15,-07:00,2025-10-10T02:14:15-07:00,2,15
style.css,55,css,42589215,Icebolt365337,2025-10-10,02:14:15,-07:00,2025-10-10T02:14:15-07:00,2,17
style.css,56,css,d6f50149,Icebolt365337,2025-10-10,01:47:55,-07:00,2025-10-10T01:47:55-07:00,2,16
style.css,57,css,d6f50149,Icebolt365337,2025-10-10,01:47:55,-07:00,2025-10-10T01:47:55-07:00,2,18
style.css,58,css,d6f50149,Icebolt365337,2025-10-10,01:47:55,-07:00,2025-10-10T01:47:55-07:00,2,12
style.css,59,css,013e5ced,Icebolt365337,2025-10-10,18:40:22,-07:00,2025-10-10T18:40:22-07:00,2,9
style.css,60,css,529a79de,Icebolt365337,2025-10-10,19:48:22,-07:00,2025-10-10T19:48:22-07:00,4,25
style.css,61,css,529a79de,Icebolt365337,2025-10-10,19:48:22,-07:00,2025-10-10T19:48:22-07:00,4,25
style.css,62,css,529a79de,Icebolt365337,2025-10-10,19:48:22,-07:00,2025-10-10T19:48:22-07:00,2,0
style.css,63,css,529a79de,Icebolt365337,2025-10-10,19:48:22,-07:00,2025-10-10T19:48:22-07:00,2,9
style.css,64,css,529a79de,Icebolt365337,2025-10-10,19:48:22,-07:00,2025-10-10T19:48:22-07:00,4,25
style.css,65,css,013e5ced,Icebolt365337,2025-10-10,18:40:22,-07:00,2025-10-10T18:40:22-07:00,4,25
style.css,66,css,26039aaa,Icebolt365337,2025-10-10,20:15:22,-07:00,2025-10-10T20:15:22-07:00,4,17
style.css,67,css,26039aaa,Icebolt365337,2025-10-10,20:15:22,-07:00,2025-10-10T20:15:22-07:00,2,0
style.css,68,css,ee5fcbc4,Icebolt365337,2025-10-10,20:18:06,-07:00,2025-10-10T20:18:06-07:00,2,9
style.css,69,css,26039aaa,Icebolt365337,2025-10-10,20:15:22,-07:00,2025-10-10T20:15:22-07:00,4,17
style.css,70,css,26039aaa,Icebolt365337,2025-10-10,20:15:22,-07:00,2025-10-10T20:15:22-07:00,2,0
style.css,71,css,1aa8a3bd,Icebolt365337,2025-10-10,01:35:52,-07:00,2025-10-10T01:35:52-07:00,2,12
style.css,72,css,1aa8a3bd,Icebolt365337,2025-10-10,01:35:52,-07:00,2025-10-10T01:35:52-07:00,4,12
style.css,73,css,27388493,Icebolt365337,2025-10-10,01:54:32,-07:00,2025-10-10T01:54:32-07:00,4,58
style.css,74,css,27388493,Icebolt365337,2025-10-10,01:54:32,-07:00,2025-10-10T01:54:32-07:00,4,7
style.css,75,css,1aa8a3bd,Icebolt365337,2025-10-10,01:35:52,-07:00,2025-10-10T01:35:52-07:00,4,7
style.css,76,css,42589215,Icebolt365337,2025-10-10,02:14:15,-07:00,2025-10-10T02:14:15-07:00,6,12
style.css,77,css,1aa8a3bd,Icebolt365337,2025-10-10,01:35:52,-07:00,2025-10-10T01:35:52-07:00,6,26
style.css,78,css,1aa8a3bd,Icebolt365337,2025-10-10,01:35:52,-07:00,2025-10-10T01:35:52-07:00,6,15
style.css,79,css,1aa8a3bd,Icebolt365337,2025-10-10,01:35:52,-07:00,2025-10-10T01:35:52-07:00,4,0
style.css,80,css,1aa8a3bd,Icebolt365337,2025-10-10,01:35:52,-07:00,2025-10-10T01:35:52-07:00,2,0
style.css,81,css,30b6a335,Icebolt365337,2025-10-10,01:06:46,-07:00,2025-10-10T01:06:46-07:00,2,4
style.css,82,css,f3363903,Icebolt365337,2025-10-10,01:13:08,-07:00,2025-10-10T01:13:08-07:00,4,12
style.css,83,css,0e9f979f,Icebolt365337,2025-10-10,01:18:54,-07:00,2025-10-10T01:18:54-07:00,4,30
style.css,84,css,0e9f979f,Icebolt365337,2025-10-10,01:18:54,-07:00,2025-10-10T01:18:54-07:00,4,7
style.css,85,css,40e28bfb,Icebolt365337,2025-10-10,01:29:28,-07:00,2025-10-10T01:29:28-07:00,4,65
style.css,86,css,40e28bfb,Icebolt365337,2025-10-10,01:29:28,-07:00,2025-10-10T01:29:28-07:00,4,24
style.css,87,css,0e9f979f,Icebolt365337,2025-10-10,01:18:54,-07:00,2025-10-10T01:18:54-07:00,4,6
style.css,88,css,0e9f979f,Icebolt365337,2025-10-10,01:18:54,-07:00,2025-10-10T01:18:54-07:00,6,18
style.css,89,css,0e9f979f,Icebolt365337,2025-10-10,01:18:54,-07:00,2025-10-10T01:18:54-07:00,4,0
style.css,90,css,3eac1ff9,Icebolt365337,2025-10-10,01:03:29,-07:00,2025-10-10T01:03:29-07:00,2,0
style.css,91,css,5fae0528,Icebolt365337,2025-10-31,00:38:52,-07:00,2025-10-31T00:38:52-07:00,2,13
style.css,92,css,369962cb,Icebolt365337,2025-10-31,00:25:00,-07:00,2025-10-31T00:25:00-07:00,4,12
style.css,93,css,369962cb,Icebolt365337,2025-10-31,00:25:00,-07:00,2025-10-31T00:25:00-07:00,2,0
style.css,94,css,99fa0838,Icebolt365337,2025-10-30,23:26:15,-07:00,2025-10-30T23:26:15-07:00,2,18
style.css,95,css,49e55d3a,Icebolt365337,2025-10-31,00:34:32,-07:00,2025-10-31T00:34:32-07:00,4,14
style.css,96,css,99fa0838,Icebolt365337,2025-10-30,23:26:15,-07:00,2025-10-30T23:26:15-07:00,4,16
style.css,97,css,99fa0838,Icebolt365337,2025-10-30,23:26:15,-07:00,2025-10-30T23:26:15-07:00,4,16
style.css,98,css,c5f7f662,Icebolt365337,2025-10-31,21:31:24,-07:00,2025-10-31T21:31:24-07:00,4,17
style.css,99,css,c5f7f662,Icebolt365337,2025-10-31,21:31:24,-07:00,2025-10-31T21:31:24-07:00,6,16
style.css,100,css,c5f7f662,Icebolt365337,2025-10-31,21:31:24,-07:00,2025-10-31T21:31:24-07:00,8,11
style.css,101,css,c5f7f662,Icebolt365337,2025-10-31,21:31:24,-07:00,2025-10-31T21:31:24-07:00,6,0
style.css,102,css,c5f7f662,Icebolt365337,2025-10-31,21:31:24,-07:00,2025-10-31T21:31:24-07:00,6,4
style.css,103,css,c5f7f662,Icebolt365337,2025-10-31,21:31:24,-07:00,2025-10-31T21:31:24-07:00,8,16
style.css,104,css,c5f7f662,Icebolt365337,2025-10-31,21:31:24,-07:00,2025-10-31T21:31:24-07:00,6,0
style.css,105,css,c5f7f662,Icebolt365337,2025-10-31,21:31:24,-07:00,2025-10-31T21:31:24-07:00,4,0
style.css,106,css,c5f7f662,Icebolt365337,2025-10-31,21:31:24,-07:00,2025-10-31T21:31:24-07:00,2,0
style.css,107,css,c5f7f662,Icebolt365337,2025-10-31,21:31:24,-07:00,2025-10-31T21:31:24-07:00,2,9
style.css,108,css,c5f7f662,Icebolt365337,2025-10-31,21:31:24,-07:00,2025-10-31T21:31:24-07:00,4,35
style.css,109,css,c5f7f662,Icebolt365337,2025-10-31,21:31:24,-07:00,2025-10-31T21:31:24-07:00,4,10
style.css,110,css,c5f7f662,Icebolt365337,2025-10-31,21:31:24,-07:00,2025-10-31T21:31:24-07:00,6,17
style.css,111,css,c5f7f662,Icebolt365337,2025-10-31,21:31:24,-07:00,2025-10-31T21:31:24-07:00,4,0
style.css,112,css,99fa0838,Icebolt365337,2025-10-30,23:26:15,-07:00,2025-10-30T23:26:15-07:00,2,0
style.css,113,css,2d6bba2e,Icebolt365337,2025-10-31,00:20:10,-07:00,2025-10-31T00:20:10-07:00,2,11
style.css,114,css,b8b791c7,Icebolt365337,2025-10-31,00:15:08,-07:00,2025-10-31T00:15:08-07:00,4,19
style.css,115,css,7f9e172f,Icebolt365337,2025-10-31,00:21:39,-07:00,2025-10-31T00:21:39-07:00,4,9
style.css,116,css,8ab95cca,Icebolt365337,2025-10-31,00:08:44,-07:00,2025-10-31T00:08:44-07:00,4,14
style.css,117,css,1f728aba,Icebolt365337,2025-10-31,00:13:58,-07:00,2025-10-31T00:13:58-07:00,4,29
style.css,118,css,b8b791c7,Icebolt365337,2025-10-31,00:15:08,-07:00,2025-10-31T00:15:08-07:00,4,17
style.css,119,css,369962cb,Icebolt365337,2025-10-31,00:25:00,-07:00,2025-10-31T00:25:00-07:00,4,6
style.css,120,css,8ab95cca,Icebolt365337,2025-10-31,00:08:44,-07:00,2025-10-31T00:08:44-07:00,2,0
style.css,121,css,a6b46fb3,Icebolt365337,2025-11-07,00:40:43,-08:00,2025-11-07T00:40:43-08:00,2,22
style.css,122,css,a6b46fb3,Icebolt365337,2025-11-07,00:40:43,-08:00,2025-11-07T00:40:43-08:00,4,2
style.css,123,css,a6b46fb3,Icebolt365337,2025-11-07,00:40:43,-08:00,2025-11-07T00:40:43-08:00,6,12
style.css,124,css,a6b46fb3,Icebolt365337,2025-11-07,00:40:43,-08:00,2025-11-07T00:40:43-08:00,6,38
style.css,125,css,a6b46fb3,Icebolt365337,2025-11-07,00:40:43,-08:00,2025-11-07T00:40:43-08:00,6,12
style.css,126,css,a6b46fb3,Icebolt365337,2025-11-07,00:40:43,-08:00,2025-11-07T00:40:43-08:00,4,0
style.css,127,css,a6b46fb3,Icebolt365337,2025-11-07,00:40:43,-08:00,2025-11-07T00:40:43-08:00,0,0
style.css,128,css,a6b46fb3,Icebolt365337,2025-11-07,00:40:43,-08:00,2025-11-07T00:40:43-08:00,4,2
style.css,129,css,a6b46fb3,Icebolt365337,2025-11-07,00:40:43,-08:00,2025-11-07T00:40:43-08:00,6,16
style.css,130,css,a6b46fb3,Icebolt365337,2025-11-07,00:40:43,-08:00,2025-11-07T00:40:43-08:00,6,13
style.css,131,css,a6b46fb3,Icebolt365337,2025-11-07,00:40:43,-08:00,2025-11-07T00:40:43-08:00,4,0
style.css,132,css,a6b46fb3,Icebolt365337,2025-11-07,00:40:43,-08:00,2025-11-07T00:40:43-08:00,0,0
style.css,133,css,a6b46fb3,Icebolt365337,2025-11-07,00:40:43,-08:00,2025-11-07T00:40:43-08:00,4,2
style.css,134,css,a6b46fb3,Icebolt365337,2025-11-07,00:40:43,-08:00,2025-11-07T00:40:43-08:00,6,8
style.css,135,css,a6b46fb3,Icebolt365337,2025-11-07,00:40:43,-08:00,2025-11-07T00:40:43-08:00,6,13
style.css,136,css,a6b46fb3,Icebolt365337,2025-11-07,00:40:43,-08:00,2025-11-07T00:40:43-08:00,4,0
style.css,137,css,a6b46fb3,Icebolt365337,2025-11-07,00:40:43,-08:00,2025-11-07T00:40:43-08:00,2,0
style.css,138,css,b5a1c5f9,Icebolt365337,2025-11-07,00:50:51,-08:00,2025-11-07T00:50:51-08:00,0,0
style.css,139,css,b5a1c5f9,Icebolt365337,2025-11-07,00:50:51,-08:00,2025-11-07T00:50:51-08:00,2,10
style.css,140,css,b5a1c5f9,Icebolt365337,2025-11-07,00:50:51,-08:00,2025-11-07T00:50:51-08:00,4,11
style.css,141,css,b5a1c5f9,Icebolt365337,2025-11-07,00:50:51,-08:00,2025-11-07T00:50:51-08:00,2,0
style.css,142,css,7cdb75e5,Icebolt365337,2025-11-07,19:08:01,-08:00,2025-11-07T19:08:01-08:00,0,0
style.css,143,css,7cdb75e5,Icebolt365337,2025-11-07,19:08:01,-08:00,2025-11-07T19:08:01-08:00,2,6
style.css,144,css,7cdb75e5,Icebolt365337,2025-11-07,19:08:01,-08:00,2025-11-07T19:08:01-08:00,4,16
style.css,145,css,7cdb75e5,Icebolt365337,2025-11-07,19:08:01,-08:00,2025-11-07T19:08:01-08:00,4,23
style.css,146,css,7cdb75e5,Icebolt365337,2025-11-07,19:08:01,-08:00,2025-11-07T19:08:01-08:00,4,22
style.css,147,css,7cdb75e5,Icebolt365337,2025-11-07,19:08:01,-08:00,2025-11-07T19:08:01-08:00,2,0
style.css,148,css,7cdb75e5,Icebolt365337,2025-11-07,19:08:01,-08:00,2025-11-07T19:08:01-08:00,0,0
style.css,149,css,7cdb75e5,Icebolt365337,2025-11-07,19:08:01,-08:00,2025-11-07T19:08:01-08:00,2,12
style.css,150,css,7cdb75e5,Icebolt365337,2025-11-07,19:08:01,-08:00,2025-11-07T19:08:01-08:00,4,20
style.css,151,css,7cdb75e5,Icebolt365337,2025-11-07,19:08:01,-08:00,2025-11-07T19:08:01-08:00,2,0
style.css,152,css,7cdb75e5,Icebolt365337,2025-11-07,19:08:01,-08:00,2025-11-07T19:08:01-08:00,0,0
style.css,153,css,7cdb75e5,Icebolt365337,2025-11-07,19:08:01,-08:00,2025-11-07T19:08:01-08:00,2,7
style.css,154,css,7cdb75e5,Icebolt365337,2025-11-07,19:08:01,-08:00,2025-11-07T19:08:01-08:00,4,12
style.css,155,css,7cdb75e5,Icebolt365337,2025-11-07,19:08:01,-08:00,2025-11-07T19:08:01-08:00,4,8
style.css,156,css,7cdb75e5,Icebolt365337,2025-11-07,19:08:01,-08:00,2025-11-07T19:08:01-08:00,4,25
style.css,157,css,7cdb75e5,Icebolt365337,2025-11-07,19:08:01,-08:00,2025-11-07T19:08:01-08:00,4,39
style.css,158,css,7cdb75e5,Icebolt365337,2025-11-07,19:08:01,-08:00,2025-11-07T19:08:01-08:00,2,0
style.css,159,css,7cdb75e5,Icebolt365337,2025-11-07,19:08:01,-08:00,2025-11-07T19:08:01-08:00,0,0
style.css,160,css,7cdb75e5,Icebolt365337,2025-11-07,19:08:01,-08:00,2025-11-07T19:08:01-08:00,2,42
style.css,161,css,7cdb75e5,Icebolt365337,2025-11-07,19:08:01,-08:00,2025-11-07T19:08:01-08:00,4,9
style.css,162,css,7cdb75e5,Icebolt365337,2025-11-07,19:08:01,-08:00,2025-11-07T19:08:01-08:00,4,17
style.css,163,css,7cdb75e5,Icebolt365337,2025-11-07,19:08:01,-08:00,2025-11-07T19:08:01-08:00,2,0
style.css,164,css,7cdb75e5,Icebolt365337,2025-11-07,19:08:01,-08:00,2025-11-07T19:08:01-08:00,0,0
style.css,165,css,7cdb75e5,Icebolt365337,2025-11-07,19:08:01,-08:00,2025-11-07T19:08:01-08:00,2,8
style.css,166,css,7cdb75e5,Icebolt365337,2025-11-07,19:08:01,-08:00,2025-11-07T19:08:01-08:00,4,14
style.css,167,css,7cdb75e5,Icebolt365337,2025-11-07,19:08:01,-08:00,2025-11-07T19:08:01-08:00,4,7
style.css,168,css,7cdb75e5,Icebolt365337,2025-11-07,19:08:01,-08:00,2025-11-07T19:08:01-08:00,4,8
style.css,169,css,7cdb75e5,Icebolt365337,2025-11-07,19:08:01,-08:00,2025-11-07T19:08:01-08:00,4,24
style.css,170,css,7cdb75e5,Icebolt365337,2025-11-07,19:08:01,-08:00,2025-11-07T19:08:01-08:00,4,24
style.css,171,css,7cdb75e5,Icebolt365337,2025-11-07,19:08:01,-08:00,2025-11-07T19:08:01-08:00,4,17
style.css,172,css,7cdb75e5,Icebolt365337,2025-11-07,19:08:01,-08:00,2025-11-07T19:08:01-08:00,2,0
style.css,173,css,7cdb75e5,Icebolt365337,2025-11-07,19:08:01,-08:00,2025-11-07T19:08:01-08:00,2,0
style.css,174,css,7cdb75e5,Icebolt365337,2025-11-07,19:08:01,-08:00,2025-11-07T19:08:01-08:00,2,15
style.css,175,css,7cdb75e5,Icebolt365337,2025-11-07,19:08:01,-08:00,2025-11-07T19:08:01-08:00,4,12
style.css,176,css,7cdb75e5,Icebolt365337,2025-11-07,19:08:01,-08:00,2025-11-07T19:08:01-08:00,2,0
style.css,177,css,18375330,Icebolt365337,2025-10-03,01:37:29,-07:00,2025-10-03T01:37:29-07:00,0,0
index.js,1,js,b47e3883,Icebolt365337,2025-10-24,19:30:32,-07:00,2025-10-24T19:30:32-07:00,0,71
index.js,2,js,7d6f0a40,Icebolt365337,2025-10-23,23:59:43,-07:00,2025-10-23T23:59:43-07:00,0,54
index.js,3,js,7d6f0a40,Icebolt365337,2025-10-23,23:59:43,-07:00,2025-10-23T23:59:43-07:00,0,42
index.js,4,js,70741e27,Icebolt365337,2025-10-24,00:03:24,-07:00,2025-10-24T00:03:24-07:00,0,60
index.js,5,js,e37f9825,Icebolt365337,2025-10-24,00:41:10,-07:00,2025-10-24T00:41:10-07:00,0,54
index.js,6,js,b47e3883,Icebolt365337,2025-10-24,19:30:32,-07:00,2025-10-24T19:30:32-07:00,0,56
index.js,7,js,b47e3883,Icebolt365337,2025-10-24,19:30:32,-07:00,2025-10-24T19:30:32-07:00,0,60
index.js,8,js,b47e3883,Icebolt365337,2025-10-24,19:30:32,-07:00,2025-10-24T19:30:32-07:00,0,17
index.js,9,js,b47e3883,Icebolt365337,2025-10-24,19:30:32,-07:00,2025-10-24T19:30:32-07:00,2,24
index.js,10,js,b47e3883,Icebolt365337,2025-10-24,19:30:32,-07:00,2025-10-24T19:30:32-07:00,4,2
index.js,11,js,b47e3883,Icebolt365337,2025-10-24,19:30:32,-07:00,2025-10-24T19:30:32-07:00,5,55
index.js,12,js,b47e3883,Icebolt365337,2025-10-24,19:30:32,-07:00,2025-10-24T19:30:32-07:00,5,55
index.js,13,js,b47e3883,Icebolt365337,2025-10-24,19:30:32,-07:00,2025-10-24T19:30:32-07:00,5,49
index.js,14,js,b47e3883,Icebolt365337,2025-10-24,19:30:32,-07:00,2025-10-24T19:30:32-07:00,5,49
index.js,15,js,b47e3883,Icebolt365337,2025-10-24,19:30:32,-07:00,2025-10-24T19:30:32-07:00,4,3
index.js,16,js,b47e3883,Icebolt365337,2025-10-24,19:30:32,-07:00,2025-10-24T19:30:32-07:00,2,0
index.js,17,js,b47e3883,Icebolt365337,2025-10-24,19:30:32,-07:00,2025-10-24T19:30:32-07:00,0,0
index.html,1,html,5ed73ba1,Icebolt365337,2025-10-03,00:52:39,-07:00,2025-10-03T00:52:39-07:00,0,13
index.html,2,html,5ed73ba1,Icebolt365337,2025-10-03,00:52:39,-07:00,2025-10-03T00:52:39-07:00,0,14
index.html,3,html,5ed73ba1,Icebolt365337,2025-10-03,00:52:39,-07:00,2025-10-03T00:52:39-07:00,0,4
index.html,4,html,5ed73ba1,Icebolt365337,2025-10-03,00:52:39,-07:00,2025-10-03T00:52:39-07:00,2,20
index.html,5,html,5ed73ba1,Icebolt365337,2025-10-03,00:52:39,-07:00,2025-10-03T00:52:39-07:00,2,68
index.html,6,html,5ed73ba1,Icebolt365337,2025-10-03,00:52:39,-07:00,2025-10-03T00:52:39-07:00,2,58
index.html,7,html,5ed73ba1,Icebolt365337,2025-10-03,00:52:39,-07:00,2025-10-03T00:52:39-07:00,2,23
index.html,8,html,0b17a7f8,Icebolt365337,2025-10-03,21:49:54,-07:00,2025-10-03T21:49:54-07:00,2,179
index.html,9,html,c5f7f662,Icebolt365337,2025-10-31,21:31:24,-07:00,2025-10-31T21:31:24-07:00,4,100
index.html,10,html,b47e3883,Icebolt365337,2025-10-24,19:30:32,-07:00,2025-10-24T19:30:32-07:00,0,0
index.html,11,html,c5f7f662,Icebolt365337,2025-10-31,21:31:24,-07:00,2025-10-31T21:31:24-07:00,4,392
index.html,12,html,0b17a7f8,Icebolt365337,2025-10-03,21:49:54,-07:00,2025-10-03T21:49:54-07:00,2,2
index.html,13,html,2d199e83,Icebolt365337,2025-10-03,01:17:59,-07:00,2025-10-03T01:17:59-07:00,2,2
index.html,14,html,2d199e83,Icebolt365337,2025-10-03,01:17:59,-07:00,2025-10-03T01:17:59-07:00,2,17
index.html,15,html,2d199e83,Icebolt365337,2025-10-03,01:17:59,-07:00,2025-10-03T01:17:59-07:00,2,18
index.html,16,html,186fb8c0,Icebolt365337,2025-10-03,01:19:27,-07:00,2025-10-03T01:19:27-07:00,2,31
index.html,17,html,18375330,Icebolt365337,2025-10-03,01:37:29,-07:00,2025-10-03T01:37:29-07:00,2,38
index.html,18,html,5ed73ba1,Icebolt365337,2025-10-03,00:52:39,-07:00,2025-10-03T00:52:39-07:00,0,5
index.html,19,html,5ed73ba1,Icebolt365337,2025-10-03,00:52:39,-07:00,2025-10-03T00:52:39-07:00,0,4
index.html,20,html,e37f9825,Icebolt365337,2025-10-24,00:41:10,-07:00,2025-10-24T00:41:10-07:00,2,22
index.html,21,html,e37f9825,Icebolt365337,2025-10-24,00:41:10,-07:00,2025-10-24T00:41:10-07:00,2,20
index.html,22,html,e37f9825,Icebolt365337,2025-10-24,00:41:10,-07:00,2025-10-24T00:41:10-07:00,4,49
index.html,23,html,e37f9825,Icebolt365337,2025-10-24,00:41:10,-07:00,2025-10-24T00:41:10-07:00,2,4
index.html,24,html,b47e3883,Icebolt365337,2025-10-24,19:30:32,-07:00,2025-10-24T19:30:32-07:00,2,22
index.html,25,html,b47e3883,Icebolt365337,2025-10-24,19:30:32,-07:00,2025-10-24T19:30:32-07:00,2,4
index.html,26,html,00294e99,Icebolt365337,2025-10-15,22:17:03,-07:00,2025-10-15T22:17:03-07:00,2,47
index.html,27,html,70741e27,Icebolt365337,2025-10-24,00:03:24,-07:00,2025-10-24T00:03:24-07:00,2,50
index.html,28,html,5ed73ba1,Icebolt365337,2025-10-03,00:52:39,-07:00,2025-10-03T00:52:39-07:00,0,5
index.html,29,html,5ed73ba1,Icebolt365337,2025-10-03,00:52:39,-07:00,2025-10-03T00:52:39-07:00,0,5
global.js,1,js,638cea69,Icebolt365337,2025-10-15,20:46:13,-07:00,2025-10-15T20:46:13-07:00,0,25
global.js,2,js,638cea69,Icebolt365337,2025-10-15,20:46:13,-07:00,2025-10-15T20:46:13-07:00,0,0
global.js,3,js,638cea69,Icebolt365337,2025-10-15,20:46:13,-07:00,2025-10-15T20:46:13-07:00,0,41
global.js,4,js,638cea69,Icebolt365337,2025-10-15,20:46:13,-07:00,2025-10-15T20:46:13-07:00,1,52
global.js,5,js,0d326087,Icebolt365337,2025-10-15,21:59:02,-07:00,2025-10-15T21:59:02-07:00,0,0
global.js,6,js,0d326087,Icebolt365337,2025-10-15,21:59:02,-07:00,2025-10-15T21:59:02-07:00,0,0
global.js,7,js,38f871c0,Icebolt365337,2025-10-15,22:06:39,-07:00,2025-10-15T22:06:39-07:00,0,88
global.js,8,js,38f871c0,Icebolt365337,2025-10-15,22:06:39,-07:00,2025-10-15T22:06:39-07:00,1,36
global.js,9,js,37789e1c,Icebolt365337,2025-10-15,22:10:45,-07:00,2025-10-15T22:10:45-07:00,1,48
global.js,10,js,38f871c0,Icebolt365337,2025-10-15,22:06:39,-07:00,2025-10-15T22:06:39-07:00,0,0
global.js,11,js,0d326087,Icebolt365337,2025-10-15,21:59:02,-07:00,2025-10-15T21:59:02-07:00,0,11
global.js,12,js,0d326087,Icebolt365337,2025-10-15,21:59:02,-07:00,2025-10-15T21:59:02-07:00,1,25
global.js,13,js,0d326087,Icebolt365337,2025-10-15,21:59:02,-07:00,2025-10-15T21:59:02-07:00,1,38
global.js,14,js,0d326087,Icebolt365337,2025-10-15,21:59:02,-07:00,2025-10-15T21:59:02-07:00,1,36
global.js,15,js,00294e99,Icebolt365337,2025-10-15,22:17:03,-07:00,2025-10-15T22:17:03-07:00,1,34
global.js,16,js,a6b46fb3,Icebolt365337,2025-11-07,00:40:43,-08:00,2025-11-07T00:40:43-08:00,1,30
global.js,17,js,00294e99,Icebolt365337,2025-10-15,22:17:03,-07:00,2025-10-15T22:17:03-07:00,1,58
global.js,18,js,0d326087,Icebolt365337,2025-10-15,21:59:02,-07:00,2025-10-15T21:59:02-07:00,0,0
global.js,19,js,0d326087,Icebolt365337,2025-10-15,21:59:02,-07:00,2025-10-15T21:59:02-07:00,0,0
global.js,20,js,0d326087,Icebolt365337,2025-10-15,21:59:02,-07:00,2025-10-15T21:59:02-07:00,0,38
global.js,21,js,0d326087,Icebolt365337,2025-10-15,21:59:02,-07:00,2025-10-15T21:59:02-07:00,0,25
global.js,22,js,0d326087,Icebolt365337,2025-10-15,21:59:02,-07:00,2025-10-15T21:59:02-07:00,0,0
global.js,23,js,0d326087,Icebolt365337,2025-10-15,21:59:02,-07:00,2025-10-15T21:59:02-07:00,0,20
global.js,24,js,0d326087,Icebolt365337,2025-10-15,21:59:02,-07:00,2025-10-15T21:59:02-07:00,1,14
global.js,25,js,0d326087,Icebolt365337,2025-10-15,21:59:02,-07:00,2025-10-15T21:59:02-07:00,1,18
global.js,26,js,38f871c0,Icebolt365337,2025-10-15,22:06:39,-07:00,2025-10-15T22:06:39-07:00,1,52
global.js,27,js,37789e1c,Icebolt365337,2025-10-15,22:10:45,-07:00,2025-10-15T22:10:45-07:00,1,34
global.js,28,js,37789e1c,Icebolt365337,2025-10-15,22:10:45,-07:00,2025-10-15T22:10:45-07:00,1,11
global.js,29,js,37789e1c,Icebolt365337,2025-10-15,22:10:45,-07:00,2025-10-15T22:10:45-07:00,1,20
global.js,30,js,37789e1c,Icebolt365337,2025-10-15,22:10:45,-07:00,2025-10-15T22:10:45-07:00,1,12
global.js,31,js,37789e1c,Icebolt365337,2025-10-15,22:10:45,-07:00,2025-10-15T22:10:45-07:00,1,65
global.js,32,js,37789e1c,Icebolt365337,2025-10-15,22:10:45,-07:00,2025-10-15T22:10:45-07:00,2,25
global.js,33,js,37789e1c,Icebolt365337,2025-10-15,22:10:45,-07:00,2025-10-15T22:10:45-07:00,1,0
global.js,34,js,37789e1c,Icebolt365337,2025-10-15,22:10:45,-07:00,2025-10-15T22:10:45-07:00,1,29
global.js,35,js,37789e1c,Icebolt365337,2025-10-15,22:10:45,-07:00,2025-10-15T22:10:45-07:00,2,18
global.js,36,js,37789e1c,Icebolt365337,2025-10-15,22:10:45,-07:00,2025-10-15T22:10:45-07:00,1,0
global.js,37,js,66918264,Icebolt365337,2025-10-15,22:32:44,-07:00,2025-10-15T22:32:44-07:00,0,0
global.js,38,js,66918264,Icebolt365337,2025-10-15,22:32:44,-07:00,2025-10-15T22:32:44-07:00,0,0
global.js,39,js,66918264,Icebolt365337,2025-10-15,22:32:44,-07:00,2025-10-15T22:32:44-07:00,0,31
global.js,40,js,66918264,Icebolt365337,2025-10-15,22:32:44,-07:00,2025-10-15T22:32:44-07:00,1,11
global.js,41,js,66918264,Icebolt365337,2025-10-15,22:32:44,-07:00,2025-10-15T22:32:44-07:00,1,0
global.js,42,js,66918264,Icebolt365337,2025-10-15,22:32:44,-07:00,2025-10-15T22:32:44-07:00,0,26
global.js,43,js,66918264,Icebolt365337,2025-10-15,22:32:44,-07:00,2025-10-15T22:32:44-07:00,0,4
global.js,44,js,52c23d3d,Icebolt365337,2025-10-15,23:00:22,-07:00,2025-10-15T23:00:22-07:00,0,18
global.js,45,js,635f9c64,Icebolt365337,2025-10-15,22:42:15,-07:00,2025-10-15T22:42:15-07:00,0,43
global.js,46,js,635f9c64,Icebolt365337,2025-10-15,22:42:15,-07:00,2025-10-15T22:42:15-07:00,6,34
global.js,47,js,635f9c64,Icebolt365337,2025-10-15,22:42:15,-07:00,2025-10-15T22:42:15-07:00,6,32
global.js,48,js,66918264,Icebolt365337,2025-10-15,22:32:44,-07:00,2025-10-15T22:32:44-07:00,0,7
global.js,49,js,66918264,Icebolt365337,2025-10-15,22:32:44,-07:00,2025-10-15T22:32:44-07:00,0,8
global.js,50,js,66918264,Icebolt365337,2025-10-15,22:32:44,-07:00,2025-10-15T22:32:44-07:00,0,0
global.js,51,js,f443be6f,Icebolt365337,2025-10-15,22:48:55,-07:00,2025-10-15T22:48:55-07:00,0,0
global.js,52,js,52c23d3d,Icebolt365337,2025-10-15,23:00:22,-07:00,2025-10-15T23:00:22-07:00,0,45
global.js,53,js,f443be6f,Icebolt365337,2025-10-15,22:48:55,-07:00,2025-10-15T22:48:55-07:00,0,0
global.js,54,js,16d4f77f,Icebolt365337,2025-10-15,23:17:49,-07:00,2025-10-15T23:17:49-07:00,0,34
global.js,55,js,16d4f77f,Icebolt365337,2025-10-15,23:17:49,-07:00,2025-10-15T23:17:49-07:00,2,83
global.js,56,js,16d4f77f,Icebolt365337,2025-10-15,23:17:49,-07:00,2025-10-15T23:17:49-07:00,2,38
global.js,57,js,16d4f77f,Icebolt365337,2025-10-15,23:17:49,-07:00,2025-10-15T23:17:49-07:00,0,0
global.js,58,js,16d4f77f,Icebolt365337,2025-10-15,23:17:49,-07:00,2025-10-15T23:17:49-07:00,0,0
global.js,59,js,f443be6f,Icebolt365337,2025-10-15,22:48:55,-07:00,2025-10-15T22:48:55-07:00,0,49
global.js,60,js,28c82fcb,Icebolt365337,2025-10-23,23:43:03,-07:00,2025-10-23T23:43:03-07:00,2,57
global.js,61,js,28c82fcb,Icebolt365337,2025-10-23,23:43:03,-07:00,2025-10-23T23:43:03-07:00,2,77
global.js,62,js,28c82fcb,Icebolt365337,2025-10-23,23:43:03,-07:00,2025-10-23T23:43:03-07:00,2,44
global.js,63,js,28c82fcb,Icebolt365337,2025-10-23,23:43:03,-07:00,2025-10-23T23:43:03-07:00,0,1
global.js,64,js,28c82fcb,Icebolt365337,2025-10-23,23:43:03,-07:00,2025-10-23T23:43:03-07:00,0,0
global.js,65,js,28c82fcb,Icebolt365337,2025-10-23,23:43:03,-07:00,2025-10-23T23:43:03-07:00,0,36
global.js,66,js,28c82fcb,Icebolt365337,2025-10-23,23:43:03,-07:00,2025-10-23T23:43:03-07:00,2,3
global.js,67,js,28c82fcb,Icebolt365337,2025-10-23,23:43:03,-07:00,2025-10-23T23:43:03-07:00,2,39
global.js,68,js,28c82fcb,Icebolt365337,2025-10-23,23:43:03,-07:00,2025-10-23T23:43:03-07:00,2,32
global.js,69,js,28c82fcb,Icebolt365337,2025-10-23,23:43:03,-07:00,2025-10-23T23:43:03-07:00,2,17
global.js,70,js,28c82fcb,Icebolt365337,2025-10-23,23:43:03,-07:00,2025-10-23T23:43:03-07:00,4,66
global.js,71,js,28c82fcb,Icebolt365337,2025-10-23,23:43:03,-07:00,2025-10-23T23:43:03-07:00,2,0
global.js,72,js,28c82fcb,Icebolt365337,2025-10-23,23:43:03,-07:00,2025-10-23T23:43:03-07:00,2,33
global.js,73,js,28c82fcb,Icebolt365337,2025-10-23,23:43:03,-07:00,2025-10-23T23:43:03-07:00,2,10
global.js,74,js,28c82fcb,Icebolt365337,2025-10-23,23:43:03,-07:00,2025-10-23T23:43:03-07:00,2,15
global.js,75,js,28c82fcb,Icebolt365337,2025-10-23,23:43:03,-07:00,2025-10-23T23:43:03-07:00,4,59
global.js,76,js,28c82fcb,Icebolt365337,2025-10-23,23:43:03,-07:00,2025-10-23T23:43:03-07:00,2,0
global.js,77,js,28c82fcb,Icebolt365337,2025-10-23,23:43:03,-07:00,2025-10-23T23:43:03-07:00,0,0
global.js,78,js,28c82fcb,Icebolt365337,2025-10-23,23:43:03,-07:00,2025-10-23T23:43:03-07:00,0,0
global.js,79,js,31546931,Icebolt365337,2025-10-24,00:25:50,-07:00,2025-10-24T00:25:50-07:00,0,78
global.js,80,js,28c82fcb,Icebolt365337,2025-10-23,23:43:03,-07:00,2025-10-23T23:43:03-07:00,2,30
global.js,81,js,94f82804,Icebolt365337,2025-10-24,00:37:32,-07:00,2025-10-24T00:37:32-07:00,2,23
global.js,82,js,94f82804,Icebolt365337,2025-10-24,00:37:32,-07:00,2025-10-24T00:37:32-07:00,4,48
global.js,83,js,94f82804,Icebolt365337,2025-10-24,00:37:32,-07:00,2025-10-24T00:37:32-07:00,4,19
global.js,84,js,94f82804,Icebolt365337,2025-10-24,00:37:32,-07:00,2025-10-24T00:37:32-07:00,6,46
global.js,85,js,94f82804,Icebolt365337,2025-10-24,00:37:32,-07:00,2025-10-24T00:37:32-07:00,6,43
global.js,86,js,41c0c886,Icebolt365337,2025-10-31,00:46:26,-07:00,2025-10-31T00:46:26-07:00,6,3
global.js,87,js,94f82804,Icebolt365337,2025-10-24,00:37:32,-07:00,2025-10-24T00:37:32-07:00,6,24
global.js,88,js,99fa0838,Icebolt365337,2025-10-30,23:26:15,-07:00,2025-10-30T23:26:15-07:00,6,17
global.js,89,js,41c0c886,Icebolt365337,2025-10-31,00:46:26,-07:00,2025-10-31T00:46:26-07:00,6,4
global.js,90,js,94f82804,Icebolt365337,2025-10-24,00:37:32,-07:00,2025-10-24T00:37:32-07:00,4,0
global.js,91,js,94f82804,Icebolt365337,2025-10-24,00:37:32,-07:00,2025-10-24T00:37:32-07:00,4,36
global.js,92,js,94f82804,Icebolt365337,2025-10-24,00:37:32,-07:00,2025-10-24T00:37:32-07:00,2,1
global.js,93,js,94f82804,Icebolt365337,2025-10-24,00:37:32,-07:00,2025-10-24T00:37:32-07:00,2,69
global.js,94,js,94f82804,Icebolt365337,2025-10-24,00:37:32,-07:00,2025-10-24T00:37:32-07:00,2,34
global.js,95,js,94f82804,Icebolt365337,2025-10-24,00:37:32,-07:00,2025-10-24T00:37:32-07:00,2,25
global.js,96,js,94f82804,Icebolt365337,2025-10-24,00:37:32,-07:00,2025-10-24T00:37:32-07:00,4,60
global.js,97,js,94f82804,Icebolt365337,2025-10-24,00:37:32,-07:00,2025-10-24T00:37:32-07:00,2,0
global.js,98,js,b47e3883,Icebolt365337,2025-10-24,19:30:32,-07:00,2025-10-24T19:30:32-07:00,0,0
global.js,99,js,b47e3883,Icebolt365337,2025-10-24,19:30:32,-07:00,2025-10-24T19:30:32-07:00,0,0
global.js,100,js,b47e3883,Icebolt365337,2025-10-24,19:30:32,-07:00,2025-10-24T19:30:32-07:00,0,47
global.js,101,js,b47e3883,Icebolt365337,2025-10-24,19:30:32,-07:00,2025-10-24T19:30:32-07:00,2,59
global.js,102,js,28c82fcb,Icebolt365337,2025-10-23,23:43:03,-07:00,2025-10-23T23:43:03-07:00,0,0
resume\index.html,1,html,0b17a7f8,Icebolt365337,2025-10-03,21:49:54,-07:00,2025-10-03T21:49:54-07:00,0,13
resume\index.html,2,html,0b17a7f8,Icebolt365337,2025-10-03,21:49:54,-07:00,2025-10-03T21:49:54-07:00,0,14
resume\index.html,3,html,0b17a7f8,Icebolt365337,2025-10-03,21:49:54,-07:00,2025-10-03T21:49:54-07:00,0,4
resume\index.html,4,html,0b17a7f8,Icebolt365337,2025-10-03,21:49:54,-07:00,2025-10-03T21:49:54-07:00,2,20
resume\index.html,5,html,0b17a7f8,Icebolt365337,2025-10-03,21:49:54,-07:00,2025-10-03T21:49:54-07:00,2,68
resume\index.html,6,html,0b17a7f8,Icebolt365337,2025-10-03,21:49:54,-07:00,2025-10-03T21:49:54-07:00,2,19
resume\index.html,7,html,013e5ced,Icebolt365337,2025-10-10,18:40:22,-07:00,2025-10-10T18:40:22-07:00,2,28
resume\index.html,8,html,d4803302,Icebolt365337,2025-10-10,00:40:03,-07:00,2025-10-10T00:40:03-07:00,2,41
resume\index.html,9,html,0b17a7f8,Icebolt365337,2025-10-03,21:49:54,-07:00,2025-10-03T21:49:54-07:00,0,5
resume\index.html,10,html,8be0ad0e,Icebolt365337,2025-10-10,19:56:41,-07:00,2025-10-10T19:56:41-07:00,0,19
resume\index.html,11,html,0b17a7f8,Icebolt365337,2025-10-03,21:49:54,-07:00,2025-10-03T21:49:54-07:00,1,7
resume\index.html,12,html,0b17a7f8,Icebolt365337,2025-10-03,21:49:54,-07:00,2025-10-03T21:49:54-07:00,2,6
resume\index.html,13,html,529a79de,Icebolt365337,2025-10-10,19:48:22,-07:00,2025-10-10T19:48:22-07:00,4,31
resume\index.html,14,html,cdb32458,Icebolt365337,2025-10-10,20:14:40,-07:00,2025-10-10T20:14:40-07:00,4,55
resume\index.html,15,html,0b17a7f8,Icebolt365337,2025-10-03,21:49:54,-07:00,2025-10-03T21:49:54-07:00,2,7
resume\index.html,16,html,cdb32458,Icebolt365337,2025-10-10,20:14:40,-07:00,2025-10-10T20:14:40-07:00,2,89
resume\index.html,17,html,bebe8568,Icebolt365337,2025-10-03,21:53:03,-07:00,2025-10-03T21:53:03-07:00,4,80
resume\index.html,18,html,0b17a7f8,Icebolt365337,2025-10-03,21:49:54,-07:00,2025-10-03T21:49:54-07:00,2,2
resume\index.html,19,html,0b17a7f8,Icebolt365337,2025-10-03,21:49:54,-07:00,2025-10-03T21:49:54-07:00,1,8
resume\index.html,20,html,0b17a7f8,Icebolt365337,2025-10-03,21:49:54,-07:00,2025-10-03T21:49:54-07:00,1,7
resume\index.html,21,html,0b17a7f8,Icebolt365337,2025-10-03,21:49:54,-07:00,2025-10-03T21:49:54-07:00,2,6
resume\index.html,22,html,529a79de,Icebolt365337,2025-10-10,19:48:22,-07:00,2025-10-10T19:48:22-07:00,4,32
resume\index.html,23,html,cdb32458,Icebolt365337,2025-10-10,20:14:40,-07:00,2025-10-10T20:14:40-07:00,4,48
resume\index.html,24,html,bebe8568,Icebolt365337,2025-10-03,21:53:03,-07:00,2025-10-03T21:53:03-07:00,6,80
resume\index.html,25,html,0b17a7f8,Icebolt365337,2025-10-03,21:49:54,-07:00,2025-10-03T21:49:54-07:00,4,2
resume\index.html,26,html,0b17a7f8,Icebolt365337,2025-10-03,21:49:54,-07:00,2025-10-03T21:49:54-07:00,2,7
resume\index.html,27,html,cdb32458,Icebolt365337,2025-10-10,20:14:40,-07:00,2025-10-10T20:14:40-07:00,2,227
resume\index.html,28,html,0b17a7f8,Icebolt365337,2025-10-03,21:49:54,-07:00,2025-10-03T21:49:54-07:00,0,61
resume\index.html,29,html,0b17a7f8,Icebolt365337,2025-10-03,21:49:54,-07:00,2025-10-03T21:49:54-07:00,1,8
resume\index.html,30,html,0b17a7f8,Icebolt365337,2025-10-03,21:49:54,-07:00,2025-10-03T21:49:54-07:00,1,7
resume\index.html,31,html,0b17a7f8,Icebolt365337,2025-10-03,21:49:54,-07:00,2025-10-03T21:49:54-07:00,2,6
resume\index.html,32,html,529a79de,Icebolt365337,2025-10-10,19:48:22,-07:00,2025-10-10T19:48:22-07:00,4,30
resume\index.html,33,html,0b17a7f8,Icebolt365337,2025-10-03,21:49:54,-07:00,2025-10-03T21:49:54-07:00,2,7
resume\index.html,34,html,cdb32458,Icebolt365337,2025-10-10,20:14:40,-07:00,2025-10-10T20:14:40-07:00,2,40
resume\index.html,35,html,cdb32458,Icebolt365337,2025-10-10,20:14:40,-07:00,2025-10-10T20:14:40-07:00,2,103
resume\index.html,36,html,0b17a7f8,Icebolt365337,2025-10-03,21:49:54,-07:00,2025-10-03T21:49:54-07:00,2,2
resume\index.html,37,html,cdb32458,Icebolt365337,2025-10-10,20:14:40,-07:00,2025-10-10T20:14:40-07:00,4,248
resume\index.html,38,html,cdb32458,Icebolt365337,2025-10-10,20:14:40,-07:00,2025-10-10T20:14:40-07:00,0,97
resume\index.html,39,html,0b17a7f8,Icebolt365337,2025-10-03,21:49:54,-07:00,2025-10-03T21:49:54-07:00,2,3
resume\index.html,40,html,cdb32458,Icebolt365337,2025-10-10,20:14:40,-07:00,2025-10-10T20:14:40-07:00,2,82
resume\index.html,41,html,cdb32458,Icebolt365337,2025-10-10,20:14:40,-07:00,2025-10-10T20:14:40-07:00,2,104
resume\index.html,42,html,0b17a7f8,Icebolt365337,2025-10-03,21:49:54,-07:00,2025-10-03T21:49:54-07:00,2,2
resume\index.html,43,html,cdb32458,Icebolt365337,2025-10-10,20:14:40,-07:00,2025-10-10T20:14:40-07:00,4,119
resume\index.html,44,html,cdb32458,Icebolt365337,2025-10-10,20:14:40,-07:00,2025-10-10T20:14:40-07:00,0,73
resume\index.html,45,html,cdb32458,Icebolt365337,2025-10-10,20:14:40,-07:00,2025-10-10T20:14:40-07:00,4,121
resume\index.html,46,html,cdb32458,Icebolt365337,2025-10-10,20:14:40,-07:00,2025-10-10T20:14:40-07:00,0,51
resume\index.html,47,html,0b17a7f8,Icebolt365337,2025-10-03,21:49:54,-07:00,2025-10-03T21:49:54-07:00,2,3
resume\index.html,48,html,cdb32458,Icebolt365337,2025-10-10,20:14:40,-07:00,2025-10-10T20:14:40-07:00,2,67
resume\index.html,49,html,cdb32458,Icebolt365337,2025-10-10,20:14:40,-07:00,2025-10-10T20:14:40-07:00,2,61
resume\index.html,50,html,0b17a7f8,Icebolt365337,2025-10-03,21:49:54,-07:00,2025-10-03T21:49:54-07:00,2,2
resume\index.html,51,html,cdb32458,Icebolt365337,2025-10-10,20:14:40,-07:00,2025-10-10T20:14:40-07:00,4,138
resume\index.html,52,html,cdb32458,Icebolt365337,2025-10-10,20:14:40,-07:00,2025-10-10T20:14:40-07:00,4,69
resume\index.html,53,html,0b17a7f8,Icebolt365337,2025-10-03,21:49:54,-07:00,2025-10-03T21:49:54-07:00,2,3
resume\index.html,54,html,0b17a7f8,Icebolt365337,2025-10-03,21:49:54,-07:00,2025-10-03T21:49:54-07:00,1,8
resume\index.html,55,html,0b17a7f8,Icebolt365337,2025-10-03,21:49:54,-07:00,2025-10-03T21:49:54-07:00,1,7
resume\index.html,56,html,0b17a7f8,Icebolt365337,2025-10-03,21:49:54,-07:00,2025-10-03T21:49:54-07:00,2,6
resume\index.html,57,html,529a79de,Icebolt365337,2025-10-10,19:48:22,-07:00,2025-10-10T19:48:22-07:00,4,38
resume\index.html,58,html,0b17a7f8,Icebolt365337,2025-10-03,21:49:54,-07:00,2025-10-03T21:49:54-07:00,2,7
resume\index.html,59,html,0b17a7f8,Icebolt365337,2025-10-03,21:49:54,-07:00,2025-10-03T21:49:54-07:00,2,2
resume\index.html,60,html,cdb32458,Icebolt365337,2025-10-10,20:14:40,-07:00,2025-10-10T20:14:40-07:00,4,72
resume\index.html,61,html,cdb32458,Icebolt365337,2025-10-10,20:14:40,-07:00,2025-10-10T20:14:40-07:00,4,68
resume\index.html,62,html,cdb32458,Icebolt365337,2025-10-10,20:14:40,-07:00,2025-10-10T20:14:40-07:00,4,80
resume\index.html,63,html,0b17a7f8,Icebolt365337,2025-10-03,21:49:54,-07:00,2025-10-03T21:49:54-07:00,2,3
resume\index.html,64,html,0b17a7f8,Icebolt365337,2025-10-03,21:49:54,-07:00,2025-10-03T21:49:54-07:00,1,8
resume\index.html,65,html,6f5e0a33,Icebolt365337,2025-10-15,20:47:59,-07:00,2025-10-15T20:47:59-07:00,1,48
resume\index.html,66,html,0b17a7f8,Icebolt365337,2025-10-03,21:49:54,-07:00,2025-10-03T21:49:54-07:00,0,5
resume\index.html,67,html,0b17a7f8,Icebolt365337,2025-10-03,21:49:54,-07:00,2025-10-03T21:49:54-07:00,0,5
projects\projects.js,1,js,28c82fcb,Icebolt365337,2025-10-23,23:43:03,-07:00,2025-10-23T23:43:03-07:00,0,55
projects\projects.js,2,js,99fa0838,Icebolt365337,2025-10-30,23:26:15,-07:00,2025-10-30T23:26:15-07:00,0,63
projects\projects.js,3,js,99fa0838,Icebolt365337,2025-10-30,23:26:15,-07:00,2025-10-30T23:26:15-07:00,0,57
projects\projects.js,4,js,28c82fcb,Icebolt365337,2025-10-23,23:43:03,-07:00,2025-10-23T23:43:03-07:00,0,55
projects\projects.js,5,js,28c82fcb,Icebolt365337,2025-10-23,23:43:03,-07:00,2025-10-23T23:43:03-07:00,0,60
projects\projects.js,6,js,8ab95cca,Icebolt365337,2025-10-31,00:08:44,-07:00,2025-10-31T00:08:44-07:00,0,0
projects\projects.js,7,js,8ab95cca,Icebolt365337,2025-10-31,00:08:44,-07:00,2025-10-31T00:08:44-07:00,0,47
projects\projects.js,8,js,c5f7f662,Icebolt365337,2025-10-31,21:31:24,-07:00,2025-10-31T21:31:24-07:00,0,13
projects\projects.js,9,js,c5f7f662,Icebolt365337,2025-10-31,21:31:24,-07:00,2025-10-31T21:31:24-07:00,0,53
projects\projects.js,10,js,c5f7f662,Icebolt365337,2025-10-31,21:31:24,-07:00,2025-10-31T21:31:24-07:00,0,12
projects\projects.js,11,js,c5f7f662,Icebolt365337,2025-10-31,21:31:24,-07:00,2025-10-31T21:31:24-07:00,0,21
projects\projects.js,12,js,75035506,Icebolt365337,2025-10-31,17:46:22,-07:00,2025-10-31T17:46:22-07:00,0,0
projects\projects.js,13,js,75035506,Icebolt365337,2025-10-31,17:46:22,-07:00,2025-10-31T17:46:22-07:00,0,38
projects\projects.js,14,js,75035506,Icebolt365337,2025-10-31,17:46:22,-07:00,2025-10-31T17:46:22-07:00,1,26
projects\projects.js,15,js,75035506,Icebolt365337,2025-10-31,17:46:22,-07:00,2025-10-31T17:46:22-07:00,2,12
projects\projects.js,16,js,75035506,Icebolt365337,2025-10-31,17:46:22,-07:00,2025-10-31T17:46:22-07:00,2,14
projects\projects.js,17,js,75035506,Icebolt365337,2025-10-31,17:46:22,-07:00,2025-10-31T17:46:22-07:00,2,12
projects\projects.js,18,js,75035506,Icebolt365337,2025-10-31,17:46:22,-07:00,2025-10-31T17:46:22-07:00,1,0
projects\projects.js,19,js,75035506,Icebolt365337,2025-10-31,17:46:22,-07:00,2025-10-31T17:46:22-07:00,1,44
projects\projects.js,20,js,75035506,Icebolt365337,2025-10-31,17:46:22,-07:00,2025-10-31T17:46:22-07:00,2,35
projects\projects.js,21,js,75035506,Icebolt365337,2025-10-31,17:46:22,-07:00,2025-10-31T17:46:22-07:00,1,1
projects\projects.js,22,js,75035506,Icebolt365337,2025-10-31,17:46:22,-07:00,2025-10-31T17:46:22-07:00,1,50
projects\projects.js,23,js,75035506,Icebolt365337,2025-10-31,17:46:22,-07:00,2025-10-31T17:46:22-07:00,1,33
projects\projects.js,24,js,75035506,Icebolt365337,2025-10-31,17:46:22,-07:00,2025-10-31T17:46:22-07:00,1,45
projects\projects.js,25,js,c5f7f662,Icebolt365337,2025-10-31,21:31:24,-07:00,2025-10-31T21:31:24-07:00,1,25
projects\projects.js,26,js,c5f7f662,Icebolt365337,2025-10-31,21:31:24,-07:00,2025-10-31T21:31:24-07:00,1,29
projects\projects.js,27,js,c5f7f662,Icebolt365337,2025-10-31,21:31:24,-07:00,2025-10-31T21:31:24-07:00,1,35
projects\projects.js,28,js,c5f7f662,Icebolt365337,2025-10-31,21:31:24,-07:00,2025-10-31T21:31:24-07:00,1,33
projects\projects.js,29,js,c5f7f662,Icebolt365337,2025-10-31,21:31:24,-07:00,2025-10-31T21:31:24-07:00,1,24
projects\projects.js,30,js,c5f7f662,Icebolt365337,2025-10-31,21:31:24,-07:00,2025-10-31T21:31:24-07:00,2,1
projects\projects.js,31,js,75035506,Icebolt365337,2025-10-31,17:46:22,-07:00,2025-10-31T17:46:22-07:00,2,13
projects\projects.js,32,js,75035506,Icebolt365337,2025-10-31,17:46:22,-07:00,2025-10-31T17:46:22-07:00,2,13
projects\projects.js,33,js,c5f7f662,Icebolt365337,2025-10-31,21:31:24,-07:00,2025-10-31T21:31:24-07:00,2,22
projects\projects.js,34,js,c5f7f662,Icebolt365337,2025-10-31,21:31:24,-07:00,2025-10-31T21:31:24-07:00,2,18
projects\projects.js,35,js,c5f7f662,Icebolt365337,2025-10-31,21:31:24,-07:00,2025-10-31T21:31:24-07:00,3,43
projects\projects.js,36,js,c5f7f662,Icebolt365337,2025-10-31,21:31:24,-07:00,2025-10-31T21:31:24-07:00,3,1
projects\projects.js,37,js,c5f7f662,Icebolt365337,2025-10-31,21:31:24,-07:00,2025-10-31T21:31:24-07:00,4,16
projects\projects.js,38,js,c5f7f662,Icebolt365337,2025-10-31,21:31:24,-07:00,2025-10-31T21:31:24-07:00,4,26
projects\projects.js,39,js,c5f7f662,Icebolt365337,2025-10-31,21:31:24,-07:00,2025-10-31T21:31:24-07:00,6,37
projects\projects.js,40,js,c5f7f662,Icebolt365337,2025-10-31,21:31:24,-07:00,2025-10-31T21:31:24-07:00,4,1
projects\projects.js,41,js,c5f7f662,Icebolt365337,2025-10-31,21:31:24,-07:00,2025-10-31T21:31:24-07:00,3,7
projects\projects.js,42,js,c5f7f662,Icebolt365337,2025-10-31,21:31:24,-07:00,2025-10-31T21:31:24-07:00,4,14
projects\projects.js,43,js,c5f7f662,Icebolt365337,2025-10-31,21:31:24,-07:00,2025-10-31T21:31:24-07:00,4,26
projects\projects.js,44,js,c5f7f662,Icebolt365337,2025-10-31,21:31:24,-07:00,2025-10-31T21:31:24-07:00,6,37
projects\projects.js,45,js,c5f7f662,Icebolt365337,2025-10-31,21:31:24,-07:00,2025-10-31T21:31:24-07:00,4,1
projects\projects.js,46,js,c5f7f662,Icebolt365337,2025-10-31,21:31:24,-07:00,2025-10-31T21:31:24-07:00,3,25
projects\projects.js,47,js,c5f7f662,Icebolt365337,2025-10-31,21:31:24,-07:00,2025-10-31T21:31:24-07:00,4,8
projects\projects.js,48,js,c5f7f662,Icebolt365337,2025-10-31,21:31:24,-07:00,2025-10-31T21:31:24-07:00,4,51
projects\projects.js,49,js,c5f7f662,Icebolt365337,2025-10-31,21:31:24,-07:00,2025-10-31T21:31:24-07:00,6,59
projects\projects.js,50,js,c5f7f662,Icebolt365337,2025-10-31,21:31:24,-07:00,2025-10-31T21:31:24-07:00,6,42
projects\projects.js,51,js,c5f7f662,Icebolt365337,2025-10-31,21:31:24,-07:00,2025-10-31T21:31:24-07:00,4,1
projects\projects.js,52,js,c5f7f662,Icebolt365337,2025-10-31,21:31:24,-07:00,2025-10-31T21:31:24-07:00,4,56
projects\projects.js,53,js,c5f7f662,Icebolt365337,2025-10-31,21:31:24,-07:00,2025-10-31T21:31:24-07:00,3,6
projects\projects.js,54,js,c5f7f662,Icebolt365337,2025-10-31,21:31:24,-07:00,2025-10-31T21:31:24-07:00,4,53
projects\projects.js,55,js,c5f7f662,Icebolt365337,2025-10-31,21:31:24,-07:00,2025-10-31T21:31:24-07:00,4,51
projects\projects.js,56,js,c5f7f662,Icebolt365337,2025-10-31,21:31:24,-07:00,2025-10-31T21:31:24-07:00,6,59
projects\projects.js,57,js,c5f7f662,Icebolt365337,2025-10-31,21:31:24,-07:00,2025-10-31T21:31:24-07:00,6,66
projects\projects.js,58,js,c5f7f662,Icebolt365337,2025-10-31,21:31:24,-07:00,2025-10-31T21:31:24-07:00,4,1
projects\projects.js,59,js,c5f7f662,Icebolt365337,2025-10-31,21:31:24,-07:00,2025-10-31T21:31:24-07:00,4,56
projects\projects.js,60,js,c5f7f662,Icebolt365337,2025-10-31,21:31:24,-07:00,2025-10-31T21:31:24-07:00,3,0
projects\projects.js,61,js,c5f7f662,Icebolt365337,2025-10-31,21:31:24,-07:00,2025-10-31T21:31:24-07:00,2,1
projects\projects.js,62,js,75035506,Icebolt365337,2025-10-31,17:46:22,-07:00,2025-10-31T17:46:22-07:00,1,1
projects\projects.js,63,js,75035506,Icebolt365337,2025-10-31,17:46:22,-07:00,2025-10-31T17:46:22-07:00,1,24
projects\projects.js,64,js,75035506,Icebolt365337,2025-10-31,17:46:22,-07:00,2025-10-31T17:46:22-07:00,2,7
projects\projects.js,65,js,8ab95cca,Icebolt365337,2025-10-31,00:08:44,-07:00,2025-10-31T00:08:44-07:00,2,11
projects\projects.js,66,js,8ab95cca,Icebolt365337,2025-10-31,00:08:44,-07:00,2025-10-31T00:08:44-07:00,2,38
projects\projects.js,67,js,c5f7f662,Icebolt365337,2025-10-31,21:31:24,-07:00,2025-10-31T21:31:24-07:00,2,68
projects\projects.js,68,js,75035506,Icebolt365337,2025-10-31,17:46:22,-07:00,2025-10-31T17:46:22-07:00,1,1
projects\projects.js,69,js,c5f7f662,Icebolt365337,2025-10-31,21:31:24,-07:00,2025-10-31T21:31:24-07:00,1,1
projects\projects.js,70,js,c5f7f662,Icebolt365337,2025-10-31,21:31:24,-07:00,2025-10-31T21:31:24-07:00,2,16
projects\projects.js,71,js,c5f7f662,Icebolt365337,2025-10-31,21:31:24,-07:00,2025-10-31T21:31:24-07:00,2,26
projects\projects.js,72,js,c5f7f662,Icebolt365337,2025-10-31,21:31:24,-07:00,2025-10-31T21:31:24-07:00,6,37
projects\projects.js,73,js,c5f7f662,Icebolt365337,2025-10-31,21:31:24,-07:00,2025-10-31T21:31:24-07:00,2,1
projects\projects.js,74,js,c5f7f662,Icebolt365337,2025-10-31,21:31:24,-07:00,2025-10-31T21:31:24-07:00,1,7
projects\projects.js,75,js,c5f7f662,Icebolt365337,2025-10-31,21:31:24,-07:00,2025-10-31T21:31:24-07:00,2,14
projects\projects.js,76,js,c5f7f662,Icebolt365337,2025-10-31,21:31:24,-07:00,2025-10-31T21:31:24-07:00,2,26
projects\projects.js,77,js,c5f7f662,Icebolt365337,2025-10-31,21:31:24,-07:00,2025-10-31T21:31:24-07:00,4,37
projects\projects.js,78,js,c5f7f662,Icebolt365337,2025-10-31,21:31:24,-07:00,2025-10-31T21:31:24-07:00,2,1
projects\projects.js,79,js,75035506,Icebolt365337,2025-10-31,17:46:22,-07:00,2025-10-31T17:46:22-07:00,0,0
projects\projects.js,80,js,75035506,Icebolt365337,2025-10-31,17:46:22,-07:00,2025-10-31T17:46:22-07:00,0,0
projects\projects.js,81,js,f4c4bbcc,Icebolt365337,2025-10-31,12:27:14,-07:00,2025-10-31T12:27:14-07:00,0,48
projects\projects.js,82,js,75035506,Icebolt365337,2025-10-31,17:46:22,-07:00,2025-10-31T17:46:22-07:00,0,23
projects\projects.js,83,js,f4c4bbcc,Icebolt365337,2025-10-31,12:27:14,-07:00,2025-10-31T12:27:14-07:00,0,0
projects\projects.js,84,js,c5f7f662,Icebolt365337,2025-10-31,21:31:24,-07:00,2025-10-31T21:31:24-07:00,0,50
projects\projects.js,85,js,75035506,Icebolt365337,2025-10-31,17:46:22,-07:00,2025-10-31T17:46:22-07:00,1,25
projects\projects.js,86,js,75035506,Icebolt365337,2025-10-31,17:46:22,-07:00,2025-10-31T17:46:22-07:00,1,51
projects\projects.js,87,js,75035506,Icebolt365337,2025-10-31,17:46:22,-07:00,2025-10-31T17:46:22-07:00,2,59
projects\projects.js,88,js,51d2747b,Icebolt365337,2025-10-31,21:41:31,-07:00,2025-10-31T21:41:31-07:00,2,15
projects\projects.js,89,js,c5f7f662,Icebolt365337,2025-10-31,21:31:24,-07:00,2025-10-31T21:31:24-07:00,4,42
projects\projects.js,90,js,c5f7f662,Icebolt365337,2025-10-31,21:31:24,-07:00,2025-10-31T21:31:24-07:00,2,0
projects\projects.js,91,js,c5f7f662,Icebolt365337,2025-10-31,21:31:24,-07:00,2025-10-31T21:31:24-07:00,2,4
projects\projects.js,92,js,c5f7f662,Icebolt365337,2025-10-31,21:31:24,-07:00,2025-10-31T21:31:24-07:00,4,66
projects\projects.js,93,js,c5f7f662,Icebolt365337,2025-10-31,21:31:24,-07:00,2025-10-31T21:31:24-07:00,2,0
projects\projects.js,94,js,75035506,Icebolt365337,2025-10-31,17:46:22,-07:00,2025-10-31T17:46:22-07:00,1,1
projects\projects.js,95,js,75035506,Icebolt365337,2025-10-31,17:46:22,-07:00,2025-10-31T17:46:22-07:00,1,56
projects\projects.js,96,js,c5f7f662,Icebolt365337,2025-10-31,21:31:24,-07:00,2025-10-31T21:31:24-07:00,1,16
projects\projects.js,97,js,c5f7f662,Icebolt365337,2025-10-31,21:31:24,-07:00,2025-10-31T21:31:24-07:00,2,23
projects\projects.js,98,js,c5f7f662,Icebolt365337,2025-10-31,21:31:24,-07:00,2025-10-31T21:31:24-07:00,1,0
projects\projects.js,99,js,c5f7f662,Icebolt365337,2025-10-31,21:31:24,-07:00,2025-10-31T21:31:24-07:00,1,4
projects\projects.js,100,js,c5f7f662,Icebolt365337,2025-10-31,21:31:24,-07:00,2025-10-31T21:31:24-07:00,2,31
projects\projects.js,101,js,c5f7f662,Icebolt365337,2025-10-31,21:31:24,-07:00,2025-10-31T21:31:24-07:00,1,0
projects\projects.js,102,js,f4c4bbcc,Icebolt365337,2025-10-31,12:27:14,-07:00,2025-10-31T12:27:14-07:00,0,1
projects\index.html,1,html,18375330,Icebolt365337,2025-10-03,01:37:29,-07:00,2025-10-03T01:37:29-07:00,0,13
projects\index.html,2,html,18375330,Icebolt365337,2025-10-03,01:37:29,-07:00,2025-10-03T01:37:29-07:00,0,14
projects\index.html,3,html,18375330,Icebolt365337,2025-10-03,01:37:29,-07:00,2025-10-03T01:37:29-07:00,0,4
projects\index.html,4,html,18375330,Icebolt365337,2025-10-03,01:37:29,-07:00,2025-10-03T01:37:29-07:00,2,20
projects\index.html,5,html,18375330,Icebolt365337,2025-10-03,01:37:29,-07:00,2025-10-03T01:37:29-07:00,2,68
projects\index.html,6,html,1c55c788,Icebolt365337,2025-10-24,00:28:41,-07:00,2025-10-24T00:28:41-07:00,2,21
projects\index.html,7,html,31546931,Icebolt365337,2025-10-24,00:25:50,-07:00,2025-10-24T00:25:50-07:00,2,30
projects\index.html,8,html,369962cb,Icebolt365337,2025-10-31,00:25:00,-07:00,2025-10-31T00:25:00-07:00,2,21
projects\index.html,9,html,49e55d3a,Icebolt365337,2025-10-31,00:34:32,-07:00,2025-10-31T00:34:32-07:00,4,54
projects\index.html,10,html,369962cb,Icebolt365337,2025-10-31,00:25:00,-07:00,2025-10-31T00:25:00-07:00,6,10
projects\index.html,11,html,369962cb,Icebolt365337,2025-10-31,00:25:00,-07:00,2025-10-31T00:25:00-07:00,4,4
projects\index.html,12,html,369962cb,Icebolt365337,2025-10-31,00:25:00,-07:00,2025-10-31T00:25:00-07:00,4,17
projects\index.html,13,html,369962cb,Icebolt365337,2025-10-31,00:25:00,-07:00,2025-10-31T00:25:00-07:00,6,10
projects\index.html,14,html,369962cb,Icebolt365337,2025-10-31,00:25:00,-07:00,2025-10-31T00:25:00-07:00,4,3
projects\index.html,15,html,369962cb,Icebolt365337,2025-10-31,00:25:00,-07:00,2025-10-31T00:25:00-07:00,2,4
projects\index.html,16,html,f4c4bbcc,Icebolt365337,2025-10-31,12:27:14,-07:00,2025-10-31T12:27:14-07:00,2,4
projects\index.html,17,html,f4c4bbcc,Icebolt365337,2025-10-31,12:27:14,-07:00,2025-10-31T12:27:14-07:00,4,15
projects\index.html,18,html,f4c4bbcc,Icebolt365337,2025-10-31,12:27:14,-07:00,2025-10-31T12:27:14-07:00,4,11
projects\index.html,19,html,f4c4bbcc,Icebolt365337,2025-10-31,12:27:14,-07:00,2025-10-31T12:27:14-07:00,4,26
projects\index.html,20,html,f4c4bbcc,Icebolt365337,2025-10-31,12:27:14,-07:00,2025-10-31T12:27:14-07:00,4,31
projects\index.html,21,html,f4c4bbcc,Icebolt365337,2025-10-31,12:27:14,-07:00,2025-10-31T12:27:14-07:00,2,0
projects\index.html,22,html,1aa8a3bd,Icebolt365337,2025-10-10,01:35:52,-07:00,2025-10-10T01:35:52-07:00,2,20
projects\index.html,23,html,ad229651,Icebolt365337,2025-10-23,23:47:30,-07:00,2025-10-23T23:47:30-07:00,4,48
projects\index.html,24,html,ad229651,Icebolt365337,2025-10-23,23:47:30,-07:00,2025-10-23T23:47:30-07:00,4,47
projects\index.html,25,html,1aa8a3bd,Icebolt365337,2025-10-10,01:35:52,-07:00,2025-10-10T01:35:52-07:00,2,4
projects\index.html,26,html,74e5f4d5,Icebolt365337,2025-10-10,00:43:00,-07:00,2025-10-10T00:43:00-07:00,2,41
projects\index.html,27,html,18375330,Icebolt365337,2025-10-03,01:37:29,-07:00,2025-10-03T01:37:29-07:00,0,5
projects\index.html,28,html,18375330,Icebolt365337,2025-10-03,01:37:29,-07:00,2025-10-03T01:37:29-07:00,0,4
projects\index.html,29,html,0d326087,Icebolt365337,2025-10-15,21:59:02,-07:00,2025-10-15T21:59:02-07:00,2,48
projects\index.html,30,html,18375330,Icebolt365337,2025-10-03,01:37:29,-07:00,2025-10-03T01:37:29-07:00,0,5
projects\index.html,31,html,18375330,Icebolt365337,2025-10-03,01:37:29,-07:00,2025-10-03T01:37:29-07:00,0,5
meta\main.js,1,js,a6b46fb3,Icebolt365337,2025-11-07,00:40:43,-08:00,2025-11-07T00:40:43-08:00,0,63
meta\main.js,2,js,a6b46fb3,Icebolt365337,2025-11-07,00:40:43,-08:00,2025-11-07T00:40:43-08:00,0,0
meta\main.js,3,js,a6b46fb3,Icebolt365337,2025-11-07,00:40:43,-08:00,2025-11-07T00:40:43-08:00,0,25
meta\main.js,4,js,a6b46fb3,Icebolt365337,2025-11-07,00:40:43,-08:00,2025-11-07T00:40:43-08:00,1,46
meta\main.js,5,js,a6b46fb3,Icebolt365337,2025-11-07,00:40:43,-08:00,2025-11-07T00:40:43-08:00,2,5
meta\main.js,6,js,a6b46fb3,Icebolt365337,2025-11-07,00:40:43,-08:00,2025-11-07T00:40:43-08:00,2,42
meta\main.js,7,js,a6b46fb3,Icebolt365337,2025-11-07,00:40:43,-08:00,2025-11-07T00:40:43-08:00,2,23
meta\main.js,8,js,a6b46fb3,Icebolt365337,2025-11-07,00:40:43,-08:00,2025-11-07T00:40:43-08:00,2,25
meta\main.js,9,js,a6b46fb3,Icebolt365337,2025-11-07,00:40:43,-08:00,2025-11-07T00:40:43-08:00,2,49
meta\main.js,10,js,a6b46fb3,Icebolt365337,2025-11-07,00:40:43,-08:00,2025-11-07T00:40:43-08:00,2,31
meta\main.js,11,js,a6b46fb3,Icebolt365337,2025-11-07,00:40:43,-08:00,2025-11-07T00:40:43-08:00,1,2
meta\main.js,12,js,a6b46fb3,Icebolt365337,2025-11-07,00:40:43,-08:00,2025-11-07T00:40:43-08:00,0,0
meta\main.js,13,js,a6b46fb3,Icebolt365337,2025-11-07,00:40:43,-08:00,2025-11-07T00:40:43-08:00,1,10
meta\main.js,14,js,a6b46fb3,Icebolt365337,2025-11-07,00:40:43,-08:00,2025-11-07T00:40:43-08:00,0,0
meta\main.js,15,js,a6b46fb3,Icebolt365337,2025-11-07,00:40:43,-08:00,2025-11-07T00:40:43-08:00,0,0
meta\main.js,16,js,a6b46fb3,Icebolt365337,2025-11-07,00:40:43,-08:00,2025-11-07T00:40:43-08:00,0,29
meta\main.js,17,js,a6b46fb3,Icebolt365337,2025-11-07,00:40:43,-08:00,2025-11-07T00:40:43-08:00,1,7
meta\main.js,18,js,a6b46fb3,Icebolt365337,2025-11-07,00:40:43,-08:00,2025-11-07T00:40:43-08:00,2,28
meta\main.js,19,js,a6b46fb3,Icebolt365337,2025-11-07,00:40:43,-08:00,2025-11-07T00:40:43-08:00,2,25
meta\main.js,20,js,a6b46fb3,Icebolt365337,2025-11-07,00:40:43,-08:00,2025-11-07T00:40:43-08:00,3,19
meta\main.js,21,js,a6b46fb3,Icebolt365337,2025-11-07,00:40:43,-08:00,2025-11-07T00:40:43-08:00,3,53
meta\main.js,22,js,a6b46fb3,Icebolt365337,2025-11-07,00:40:43,-08:00,2025-11-07T00:40:43-08:00,3,9
meta\main.js,23,js,a6b46fb3,Icebolt365337,2025-11-07,00:40:43,-08:00,2025-11-07T00:40:43-08:00,4,9
meta\main.js,24,js,a6b46fb3,Icebolt365337,2025-11-07,00:40:43,-08:00,2025-11-07T00:40:43-08:00,4,66
meta\main.js,25,js,a6b46fb3,Icebolt365337,2025-11-07,00:40:43,-08:00,2025-11-07T00:40:43-08:00,4,5
meta\main.js,26,js,a6b46fb3,Icebolt365337,2025-11-07,00:40:43,-08:00,2025-11-07T00:40:43-08:00,4,3
meta\main.js,27,js,a6b46fb3,Icebolt365337,2025-11-07,00:40:43,-08:00,2025-11-07T00:40:43-08:00,4,3
meta\main.js,28,js,a6b46fb3,Icebolt365337,2025-11-07,00:40:43,-08:00,2025-11-07T00:40:43-08:00,4,7
meta\main.js,29,js,a6b46fb3,Icebolt365337,2025-11-07,00:40:43,-08:00,2025-11-07T00:40:43-08:00,4,7
meta\main.js,30,js,a6b46fb3,Icebolt365337,2025-11-07,00:40:43,-08:00,2025-11-07T00:40:43-08:00,4,57
meta\main.js,31,js,a6b46fb3,Icebolt365337,2025-11-07,00:40:43,-08:00,2025-11-07T00:40:43-08:00,4,23
meta\main.js,32,js,a6b46fb3,Icebolt365337,2025-11-07,00:40:43,-08:00,2025-11-07T00:40:43-08:00,3,0
meta\main.js,33,js,a6b46fb3,Icebolt365337,2025-11-07,00:40:43,-08:00,2025-11-07T00:40:43-08:00,0,0
meta\main.js,34,js,a6b46fb3,Icebolt365337,2025-11-07,00:40:43,-08:00,2025-11-07T00:40:43-08:00,3,35
meta\main.js,35,js,a6b46fb3,Icebolt365337,2025-11-07,00:40:43,-08:00,2025-11-07T00:40:43-08:00,4,10
meta\main.js,36,js,a6b46fb3,Icebolt365337,2025-11-07,00:40:43,-08:00,2025-11-07T00:40:43-08:00,4,38
meta\main.js,37,js,a6b46fb3,Icebolt365337,2025-11-07,00:40:43,-08:00,2025-11-07T00:40:43-08:00,4,53
meta\main.js,38,js,a6b46fb3,Icebolt365337,2025-11-07,00:40:43,-08:00,2025-11-07T00:40:43-08:00,4,66
meta\main.js,39,js,a6b46fb3,Icebolt365337,2025-11-07,00:40:43,-08:00,2025-11-07T00:40:43-08:00,3,1
meta\main.js,40,js,a6b46fb3,Icebolt365337,2025-11-07,00:40:43,-08:00,2025-11-07T00:40:43-08:00,0,0
meta\main.js,41,js,a6b46fb3,Icebolt365337,2025-11-07,00:40:43,-08:00,2025-11-07T00:40:43-08:00,3,9
meta\main.js,42,js,a6b46fb3,Icebolt365337,2025-11-07,00:40:43,-08:00,2025-11-07T00:40:43-08:00,2,1
meta\main.js,43,js,a6b46fb3,Icebolt365337,2025-11-07,00:40:43,-08:00,2025-11-07T00:40:43-08:00,0,0
meta\main.js,44,js,a6b46fb3,Icebolt365337,2025-11-07,00:40:43,-08:00,2025-11-07T00:40:43-08:00,0,0
meta\main.js,45,js,a6b46fb3,Icebolt365337,2025-11-07,00:40:43,-08:00,2025-11-07T00:40:43-08:00,0,40
meta\main.js,46,js,a6b46fb3,Icebolt365337,2025-11-07,00:40:43,-08:00,2025-11-07T00:40:43-08:00,1,22
meta\main.js,47,js,a6b46fb3,Icebolt365337,2025-11-07,00:40:43,-08:00,2025-11-07T00:40:43-08:00,1,65
meta\main.js,48,js,a6b46fb3,Icebolt365337,2025-11-07,00:40:43,-08:00,2025-11-07T00:40:43-08:00,1,0
meta\main.js,49,js,a6b46fb3,Icebolt365337,2025-11-07,00:40:43,-08:00,2025-11-07T00:40:43-08:00,1,18
meta\main.js,50,js,a6b46fb3,Icebolt365337,2025-11-07,00:40:43,-08:00,2025-11-07T00:40:43-08:00,1,30
meta\main.js,51,js,a6b46fb3,Icebolt365337,2025-11-07,00:40:43,-08:00,2025-11-07T00:40:43-08:00,1,35
meta\main.js,52,js,a6b46fb3,Icebolt365337,2025-11-07,00:40:43,-08:00,2025-11-07T00:40:43-08:00,0,0
meta\main.js,53,js,a6b46fb3,Icebolt365337,2025-11-07,00:40:43,-08:00,2025-11-07T00:40:43-08:00,1,20
meta\main.js,54,js,a6b46fb3,Icebolt365337,2025-11-07,00:40:43,-08:00,2025-11-07T00:40:43-08:00,1,26
meta\main.js,55,js,a6b46fb3,Icebolt365337,2025-11-07,00:40:43,-08:00,2025-11-07T00:40:43-08:00,1,16
meta\main.js,56,js,a6b46fb3,Icebolt365337,2025-11-07,00:40:43,-08:00,2025-11-07T00:40:43-08:00,0,0
meta\main.js,57,js,a6b46fb3,Icebolt365337,2025-11-07,00:40:43,-08:00,2025-11-07T00:40:43-08:00,1,23
meta\main.js,58,js,a6b46fb3,Icebolt365337,2025-11-07,00:40:43,-08:00,2025-11-07T00:40:43-08:00,2,39
meta\main.js,59,js,a6b46fb3,Icebolt365337,2025-11-07,00:40:43,-08:00,2025-11-07T00:40:43-08:00,4,26
meta\main.js,60,js,a6b46fb3,Icebolt365337,2025-11-07,00:40:43,-08:00,2025-11-07T00:40:43-08:00,4,33
meta\main.js,61,js,a6b46fb3,Icebolt365337,2025-11-07,00:40:43,-08:00,2025-11-07T00:40:43-08:00,2,0
meta\main.js,62,js,a6b46fb3,Icebolt365337,2025-11-07,00:40:43,-08:00,2025-11-07T00:40:43-08:00,2,30
meta\main.js,63,js,a6b46fb3,Icebolt365337,2025-11-07,00:40:43,-08:00,2025-11-07T00:40:43-08:00,4,24
meta\main.js,64,js,a6b46fb3,Icebolt365337,2025-11-07,00:40:43,-08:00,2025-11-07T00:40:43-08:00,2,0
meta\main.js,65,js,a6b46fb3,Icebolt365337,2025-11-07,00:40:43,-08:00,2025-11-07T00:40:43-08:00,1,1
meta\main.js,66,js,a6b46fb3,Icebolt365337,2025-11-07,00:40:43,-08:00,2025-11-07T00:40:43-08:00,0,0
meta\main.js,67,js,a6b46fb3,Icebolt365337,2025-11-07,00:40:43,-08:00,2025-11-07T00:40:43-08:00,1,29
meta\main.js,68,js,a6b46fb3,Icebolt365337,2025-11-07,00:40:43,-08:00,2025-11-07T00:40:43-08:00,1,53
meta\main.js,69,js,a6b46fb3,Icebolt365337,2025-11-07,00:40:43,-08:00,2025-11-07T00:40:43-08:00,1,0
meta\main.js,70,js,a6b46fb3,Icebolt365337,2025-11-07,00:40:43,-08:00,2025-11-07T00:40:43-08:00,1,14
meta\main.js,71,js,a6b46fb3,Icebolt365337,2025-11-07,00:40:43,-08:00,2025-11-07T00:40:43-08:00,1,68
meta\main.js,72,js,a6b46fb3,Icebolt365337,2025-11-07,00:40:43,-08:00,2025-11-07T00:40:43-08:00,1,32
meta\main.js,73,js,a6b46fb3,Icebolt365337,2025-11-07,00:40:43,-08:00,2025-11-07T00:40:43-08:00,0,0
meta\main.js,74,js,a6b46fb3,Icebolt365337,2025-11-07,00:40:43,-08:00,2025-11-07T00:40:43-08:00,1,36
meta\main.js,75,js,a6b46fb3,Icebolt365337,2025-11-07,00:40:43,-08:00,2025-11-07T00:40:43-08:00,1,33
meta\main.js,76,js,a6b46fb3,Icebolt365337,2025-11-07,00:40:43,-08:00,2025-11-07T00:40:43-08:00,0,0
meta\main.js,77,js,a6b46fb3,Icebolt365337,2025-11-07,00:40:43,-08:00,2025-11-07T00:40:43-08:00,1,43
meta\main.js,78,js,a6b46fb3,Icebolt365337,2025-11-07,00:40:43,-08:00,2025-11-07T00:40:43-08:00,1,40
meta\main.js,79,js,a6b46fb3,Icebolt365337,2025-11-07,00:40:43,-08:00,2025-11-07T00:40:43-08:00,0,0
meta\main.js,80,js,a6b46fb3,Icebolt365337,2025-11-07,00:40:43,-08:00,2025-11-07T00:40:43-08:00,1,33
meta\main.js,81,js,a6b46fb3,Icebolt365337,2025-11-07,00:40:43,-08:00,2025-11-07T00:40:43-08:00,1,30
meta\main.js,82,js,a6b46fb3,Icebolt365337,2025-11-07,00:40:43,-08:00,2025-11-07T00:40:43-08:00,0,0
meta\main.js,83,js,a6b46fb3,Icebolt365337,2025-11-07,00:40:43,-08:00,2025-11-07T00:40:43-08:00,0,0
meta\main.js,84,js,b5a1c5f9,Icebolt365337,2025-11-07,00:50:51,-08:00,2025-11-07T00:50:51-08:00,0,41
meta\main.js,85,js,b5a1c5f9,Icebolt365337,2025-11-07,00:50:51,-08:00,2025-11-07T00:50:51-08:00,1,17
meta\main.js,86,js,b5a1c5f9,Icebolt365337,2025-11-07,00:50:51,-08:00,2025-11-07T00:50:51-08:00,1,17
meta\main.js,87,js,b5a1c5f9,Icebolt365337,2025-11-07,00:50:51,-08:00,2025-11-07T00:50:51-08:00,1,12
meta\main.js,88,js,b5a1c5f9,Icebolt365337,2025-11-07,00:50:51,-08:00,2025-11-07T00:50:51-08:00,1,15
meta\main.js,89,js,b5a1c5f9,Icebolt365337,2025-11-07,00:50:51,-08:00,2025-11-07T00:50:51-08:00,1,12
meta\main.js,90,js,b5a1c5f9,Icebolt365337,2025-11-07,00:50:51,-08:00,2025-11-07T00:50:51-08:00,1,40
meta\main.js,91,js,b5a1c5f9,Icebolt365337,2025-11-07,00:50:51,-08:00,2025-11-07T00:50:51-08:00,1,28
meta\main.js,92,js,7cdb75e5,Icebolt365337,2025-11-07,19:08:01,-08:00,2025-11-07T19:08:01-08:00,1,93
meta\main.js,93,js,7cdb75e5,Icebolt365337,2025-11-07,19:08:01,-08:00,2025-11-07T19:08:01-08:00,1,59
meta\main.js,94,js,b5a1c5f9,Icebolt365337,2025-11-07,00:50:51,-08:00,2025-11-07T00:50:51-08:00,0,0
meta\main.js,95,js,b5a1c5f9,Icebolt365337,2025-11-07,00:50:51,-08:00,2025-11-07T00:50:51-08:00,1,58
meta\main.js,96,js,b5a1c5f9,Icebolt365337,2025-11-07,00:50:51,-08:00,2025-11-07T00:50:51-08:00,1,18
meta\main.js,97,js,b5a1c5f9,Icebolt365337,2025-11-07,00:50:51,-08:00,2025-11-07T00:50:51-08:00,2,14
meta\main.js,98,js,b5a1c5f9,Icebolt365337,2025-11-07,00:50:51,-08:00,2025-11-07T00:50:51-08:00,2,26
meta\main.js,99,js,b5a1c5f9,Icebolt365337,2025-11-07,00:50:51,-08:00,2025-11-07T00:50:51-08:00,2,29
meta\main.js,100,js,b5a1c5f9,Icebolt365337,2025-11-07,00:50:51,-08:00,2025-11-07T00:50:51-08:00,2,16
meta\main.js,101,js,b5a1c5f9,Icebolt365337,2025-11-07,00:50:51,-08:00,2025-11-07T00:50:51-08:00,2,40
meta\main.js,102,js,b5a1c5f9,Icebolt365337,2025-11-07,00:50:51,-08:00,2025-11-07T00:50:51-08:00,2,42
meta\main.js,103,js,b5a1c5f9,Icebolt365337,2025-11-07,00:50:51,-08:00,2025-11-07T00:50:51-08:00,1,0
meta\main.js,104,js,b5a1c5f9,Icebolt365337,2025-11-07,00:50:51,-08:00,2025-11-07T00:50:51-08:00,0,0
meta\main.js,105,js,b5a1c5f9,Icebolt365337,2025-11-07,00:50:51,-08:00,2025-11-07T00:50:51-08:00,1,19
meta\main.js,106,js,b5a1c5f9,Icebolt365337,2025-11-07,00:50:51,-08:00,2025-11-07T00:50:51-08:00,1,10
meta\main.js,107,js,b5a1c5f9,Icebolt365337,2025-11-07,00:50:51,-08:00,2025-11-07T00:50:51-08:00,1,25
meta\main.js,108,js,b5a1c5f9,Icebolt365337,2025-11-07,00:50:51,-08:00,2025-11-07T00:50:51-08:00,1,53
meta\main.js,109,js,b5a1c5f9,Icebolt365337,2025-11-07,00:50:51,-08:00,2025-11-07T00:50:51-08:00,0,0
meta\main.js,110,js,b5a1c5f9,Icebolt365337,2025-11-07,00:50:51,-08:00,2025-11-07T00:50:51-08:00,1,77
meta\main.js,111,js,b5a1c5f9,Icebolt365337,2025-11-07,00:50:51,-08:00,2025-11-07T00:50:51-08:00,0,0
meta\main.js,112,js,b5a1c5f9,Icebolt365337,2025-11-07,00:50:51,-08:00,2025-11-07T00:50:51-08:00,1,48
meta\main.js,113,js,b5a1c5f9,Icebolt365337,2025-11-07,00:50:51,-08:00,2025-11-07T00:50:51-08:00,1,48
meta\main.js,114,js,b5a1c5f9,Icebolt365337,2025-11-07,00:50:51,-08:00,2025-11-07T00:50:51-08:00,1,34
meta\main.js,115,js,b5a1c5f9,Icebolt365337,2025-11-07,00:50:51,-08:00,2025-11-07T00:50:51-08:00,1,14
meta\main.js,116,js,b5a1c5f9,Icebolt365337,2025-11-07,00:50:51,-08:00,2025-11-07T00:50:51-08:00,1,15
meta\main.js,117,js,b5a1c5f9,Icebolt365337,2025-11-07,00:50:51,-08:00,2025-11-07T00:50:51-08:00,1,58
meta\main.js,118,js,b5a1c5f9,Icebolt365337,2025-11-07,00:50:51,-08:00,2025-11-07T00:50:51-08:00,0,0
meta\main.js,119,js,b5a1c5f9,Icebolt365337,2025-11-07,00:50:51,-08:00,2025-11-07T00:50:51-08:00,1,1
meta\main.js,120,js,b5a1c5f9,Icebolt365337,2025-11-07,00:50:51,-08:00,2025-11-07T00:50:51-08:00,1,10
meta\main.js,121,js,b5a1c5f9,Icebolt365337,2025-11-07,00:50:51,-08:00,2025-11-07T00:50:51-08:00,1,54
meta\main.js,122,js,b5a1c5f9,Icebolt365337,2025-11-07,00:50:51,-08:00,2025-11-07T00:50:51-08:00,1,11
meta\main.js,123,js,b5a1c5f9,Icebolt365337,2025-11-07,00:50:51,-08:00,2025-11-07T00:50:51-08:00,0,0
meta\main.js,124,js,b5a1c5f9,Icebolt365337,2025-11-07,00:50:51,-08:00,2025-11-07T00:50:51-08:00,1,1
meta\main.js,125,js,b5a1c5f9,Icebolt365337,2025-11-07,00:50:51,-08:00,2025-11-07T00:50:51-08:00,1,10
meta\main.js,126,js,b5a1c5f9,Icebolt365337,2025-11-07,00:50:51,-08:00,2025-11-07T00:50:51-08:00,1,52
meta\main.js,127,js,b5a1c5f9,Icebolt365337,2025-11-07,00:50:51,-08:00,2025-11-07T00:50:51-08:00,1,11
meta\main.js,128,js,7cdb75e5,Icebolt365337,2025-11-07,19:08:01,-08:00,2025-11-07T19:08:01-08:00,1,0
meta\main.js,129,js,7cdb75e5,Icebolt365337,2025-11-07,19:08:01,-08:00,2025-11-07T19:08:01-08:00,1,23
meta\main.js,130,js,b5a1c5f9,Icebolt365337,2025-11-07,00:50:51,-08:00,2025-11-07T00:50:51-08:00,1,49
meta\main.js,131,js,7cdb75e5,Icebolt365337,2025-11-07,19:08:01,-08:00,2025-11-07T19:08:01-08:00,1,67
meta\main.js,132,js,7cdb75e5,Icebolt365337,2025-11-07,19:08:01,-08:00,2025-11-07T19:08:01-08:00,1,72
meta\main.js,133,js,7cdb75e5,Icebolt365337,2025-11-07,19:08:01,-08:00,2025-11-07T19:08:01-08:00,1,59
meta\main.js,134,js,b5a1c5f9,Icebolt365337,2025-11-07,00:50:51,-08:00,2025-11-07T00:50:51-08:00,0,0
meta\main.js,135,js,b5a1c5f9,Icebolt365337,2025-11-07,00:50:51,-08:00,2025-11-07T00:50:51-08:00,1,2
meta\main.js,136,js,b5a1c5f9,Icebolt365337,2025-11-07,00:50:51,-08:00,2025-11-07T00:50:51-08:00,1,18
meta\main.js,137,js,7cdb75e5,Icebolt365337,2025-11-07,19:08:01,-08:00,2025-11-07T19:08:01-08:00,1,18
meta\main.js,138,js,b5a1c5f9,Icebolt365337,2025-11-07,00:50:51,-08:00,2025-11-07T00:50:51-08:00,1,13
meta\main.js,139,js,b5a1c5f9,Icebolt365337,2025-11-07,00:50:51,-08:00,2025-11-07T00:50:51-08:00,1,36
meta\main.js,140,js,b5a1c5f9,Icebolt365337,2025-11-07,00:50:51,-08:00,2025-11-07T00:50:51-08:00,1,36
meta\main.js,141,js,7cdb75e5,Icebolt365337,2025-11-07,19:08:01,-08:00,2025-11-07T19:08:01-08:00,1,37
meta\main.js,142,js,7cdb75e5,Icebolt365337,2025-11-07,19:08:01,-08:00,2025-11-07T19:08:01-08:00,1,24
meta\main.js,143,js,7cdb75e5,Icebolt365337,2025-11-07,19:08:01,-08:00,2025-11-07T19:08:01-08:00,1,25
meta\main.js,144,js,7cdb75e5,Icebolt365337,2025-11-07,19:08:01,-08:00,2025-11-07T19:08:01-08:00,1,36
meta\main.js,145,js,7cdb75e5,Icebolt365337,2025-11-07,19:08:01,-08:00,2025-11-07T19:08:01-08:00,2,79
meta\main.js,146,js,7cdb75e5,Icebolt365337,2025-11-07,19:08:01,-08:00,2025-11-07T19:08:01-08:00,2,27
meta\main.js,147,js,7cdb75e5,Icebolt365337,2025-11-07,19:08:01,-08:00,2025-11-07T19:08:01-08:00,2,28
meta\main.js,148,js,7cdb75e5,Icebolt365337,2025-11-07,19:08:01,-08:00,2025-11-07T19:08:01-08:00,2,27
meta\main.js,149,js,7cdb75e5,Icebolt365337,2025-11-07,19:08:01,-08:00,2025-11-07T19:08:01-08:00,1,0
meta\main.js,150,js,7cdb75e5,Icebolt365337,2025-11-07,19:08:01,-08:00,2025-11-07T19:08:01-08:00,1,28
meta\main.js,151,js,7cdb75e5,Icebolt365337,2025-11-07,19:08:01,-08:00,2025-11-07T19:08:01-08:00,2,56
meta\main.js,152,js,7cdb75e5,Icebolt365337,2025-11-07,19:08:01,-08:00,2025-11-07T19:08:01-08:00,2,29
meta\main.js,153,js,7cdb75e5,Icebolt365337,2025-11-07,19:08:01,-08:00,2025-11-07T19:08:01-08:00,1,1
meta\main.js,154,js,7cdb75e5,Icebolt365337,2025-11-07,19:08:01,-08:00,2025-11-07T19:08:01-08:00,0,0
meta\main.js,155,js,7cdb75e5,Icebolt365337,2025-11-07,19:08:01,-08:00,2025-11-07T19:08:01-08:00,0,0
meta\main.js,156,js,7cdb75e5,Icebolt365337,2025-11-07,19:08:01,-08:00,2025-11-07T19:08:01-08:00,0,37
meta\main.js,157,js,7cdb75e5,Icebolt365337,2025-11-07,19:08:01,-08:00,2025-11-07T19:08:01-08:00,1,50
meta\main.js,158,js,7cdb75e5,Icebolt365337,2025-11-07,19:08:01,-08:00,2025-11-07T19:08:01-08:00,1,50
meta\main.js,159,js,7cdb75e5,Icebolt365337,2025-11-07,19:08:01,-08:00,2025-11-07T19:08:01-08:00,0,0
meta\main.js,160,js,7cdb75e5,Icebolt365337,2025-11-07,19:08:01,-08:00,2025-11-07T19:08:01-08:00,1,43
meta\main.js,161,js,7cdb75e5,Icebolt365337,2025-11-07,19:08:01,-08:00,2025-11-07T19:08:01-08:00,0,0
meta\main.js,162,js,7cdb75e5,Icebolt365337,2025-11-07,19:08:01,-08:00,2025-11-07T19:08:01-08:00,1,21
meta\main.js,163,js,7cdb75e5,Icebolt365337,2025-11-07,19:08:01,-08:00,2025-11-07T19:08:01-08:00,1,27
meta\main.js,164,js,7cdb75e5,Icebolt365337,2025-11-07,19:08:01,-08:00,2025-11-07T19:08:01-08:00,1,56
meta\main.js,165,js,7cdb75e5,Icebolt365337,2025-11-07,19:08:01,-08:00,2025-11-07T19:08:01-08:00,2,16
meta\main.js,166,js,7cdb75e5,Icebolt365337,2025-11-07,19:08:01,-08:00,2025-11-07T19:08:01-08:00,1,1
meta\main.js,167,js,7cdb75e5,Icebolt365337,2025-11-07,19:08:01,-08:00,2025-11-07T19:08:01-08:00,0,0
meta\main.js,168,js,7cdb75e5,Icebolt365337,2025-11-07,19:08:01,-08:00,2025-11-07T19:08:01-08:00,0,0
meta\main.js,169,js,7cdb75e5,Icebolt365337,2025-11-07,19:08:01,-08:00,2025-11-07T19:08:01-08:00,0,43
meta\main.js,170,js,7cdb75e5,Icebolt365337,2025-11-07,19:08:01,-08:00,2025-11-07T19:08:01-08:00,1,56
meta\main.js,171,js,7cdb75e5,Icebolt365337,2025-11-07,19:08:01,-08:00,2025-11-07T19:08:01-08:00,1,26
meta\main.js,172,js,7cdb75e5,Icebolt365337,2025-11-07,19:08:01,-08:00,2025-11-07T19:08:01-08:00,0,0
meta\main.js,173,js,7cdb75e5,Icebolt365337,2025-11-07,19:08:01,-08:00,2025-11-07T19:08:01-08:00,0,0
meta\main.js,174,js,7cdb75e5,Icebolt365337,2025-11-07,19:08:01,-08:00,2025-11-07T19:08:01-08:00,0,37
meta\main.js,175,js,7cdb75e5,Icebolt365337,2025-11-07,19:08:01,-08:00,2025-11-07T19:08:01-08:00,1,56
meta\main.js,176,js,7cdb75e5,Icebolt365337,2025-11-07,19:08:01,-08:00,2025-11-07T19:08:01-08:00,1,40
meta\main.js,177,js,7cdb75e5,Icebolt365337,2025-11-07,19:08:01,-08:00,2025-11-07T19:08:01-08:00,1,39
meta\main.js,178,js,7cdb75e5,Icebolt365337,2025-11-07,19:08:01,-08:00,2025-11-07T19:08:01-08:00,0,0
meta\main.js,179,js,7cdb75e5,Icebolt365337,2025-11-07,19:08:01,-08:00,2025-11-07T19:08:01-08:00,0,0
meta\main.js,180,js,7cdb75e5,Icebolt365337,2025-11-07,19:08:01,-08:00,2025-11-07T19:08:01-08:00,0,33
meta\main.js,181,js,7cdb75e5,Icebolt365337,2025-11-07,19:08:01,-08:00,2025-11-07T19:08:01-08:00,1,50
meta\main.js,182,js,7cdb75e5,Icebolt365337,2025-11-07,19:08:01,-08:00,2025-11-07T19:08:01-08:00,0,0
meta\main.js,183,js,7cdb75e5,Icebolt365337,2025-11-07,19:08:01,-08:00,2025-11-07T19:08:01-08:00,0,0
meta\main.js,184,js,7cdb75e5,Icebolt365337,2025-11-07,19:08:01,-08:00,2025-11-07T19:08:01-08:00,0,23
meta\main.js,185,js,7cdb75e5,Icebolt365337,2025-11-07,19:08:01,-08:00,2025-11-07T19:08:01-08:00,1,32
meta\main.js,186,js,7cdb75e5,Icebolt365337,2025-11-07,19:08:01,-08:00,2025-11-07T19:08:01-08:00,1,47
meta\main.js,187,js,7cdb75e5,Icebolt365337,2025-11-07,19:08:01,-08:00,2025-11-07T19:08:01-08:00,2,29
meta\main.js,188,js,7cdb75e5,Icebolt365337,2025-11-07,19:08:01,-08:00,2025-11-07T19:08:01-08:00,1,0
meta\main.js,189,js,7cdb75e5,Icebolt365337,2025-11-07,19:08:01,-08:00,2025-11-07T19:08:01-08:00,1,30
meta\main.js,190,js,7cdb75e5,Icebolt365337,2025-11-07,19:08:01,-08:00,2025-11-07T19:08:01-08:00,1,33
meta\main.js,191,js,7cdb75e5,Icebolt365337,2025-11-07,19:08:01,-08:00,2025-11-07T19:08:01-08:00,0,0
meta\main.js,192,js,7cdb75e5,Icebolt365337,2025-11-07,19:08:01,-08:00,2025-11-07T19:08:01-08:00,0,0
meta\main.js,193,js,7cdb75e5,Icebolt365337,2025-11-07,19:08:01,-08:00,2025-11-07T19:08:01-08:00,0,44
meta\main.js,194,js,7cdb75e5,Icebolt365337,2025-11-07,19:08:01,-08:00,2025-11-07T19:08:01-08:00,1,15
meta\main.js,195,js,7cdb75e5,Icebolt365337,2025-11-07,19:08:01,-08:00,2025-11-07T19:08:01-08:00,2,11
meta\main.js,196,js,7cdb75e5,Icebolt365337,2025-11-07,19:08:01,-08:00,2025-11-07T19:08:01-08:00,1,0
meta\main.js,197,js,7cdb75e5,Icebolt365337,2025-11-07,19:08:01,-08:00,2025-11-07T19:08:01-08:00,1,53
meta\main.js,198,js,7cdb75e5,Icebolt365337,2025-11-07,19:08:01,-08:00,2025-11-07T19:08:01-08:00,1,17
meta\main.js,199,js,7cdb75e5,Icebolt365337,2025-11-07,19:08:01,-08:00,2025-11-07T19:08:01-08:00,1,42
meta\main.js,200,js,7cdb75e5,Icebolt365337,2025-11-07,19:08:01,-08:00,2025-11-07T19:08:01-08:00,1,42
meta\main.js,201,js,7cdb75e5,Icebolt365337,2025-11-07,19:08:01,-08:00,2025-11-07T19:08:01-08:00,1,32
meta\main.js,202,js,7cdb75e5,Icebolt365337,2025-11-07,19:08:01,-08:00,2025-11-07T19:08:01-08:00,1,32
meta\main.js,203,js,7cdb75e5,Icebolt365337,2025-11-07,19:08:01,-08:00,2025-11-07T19:08:01-08:00,1,46
meta\main.js,204,js,7cdb75e5,Icebolt365337,2025-11-07,19:08:01,-08:00,2025-11-07T19:08:01-08:00,0,0
meta\main.js,205,js,7cdb75e5,Icebolt365337,2025-11-07,19:08:01,-08:00,2025-11-07T19:08:01-08:00,0,0
meta\main.js,206,js,7cdb75e5,Icebolt365337,2025-11-07,19:08:01,-08:00,2025-11-07T19:08:01-08:00,0,40
meta\main.js,207,js,7cdb75e5,Icebolt365337,2025-11-07,19:08:01,-08:00,2025-11-07T19:08:01-08:00,1,31
meta\main.js,208,js,7cdb75e5,Icebolt365337,2025-11-07,19:08:01,-08:00,2025-11-07T19:08:01-08:00,2,53
meta\main.js,209,js,7cdb75e5,Icebolt365337,2025-11-07,19:08:01,-08:00,2025-11-07T19:08:01-08:00,2,3
meta\main.js,210,js,7cdb75e5,Icebolt365337,2025-11-07,19:08:01,-08:00,2025-11-07T19:08:01-08:00,0,0
meta\main.js,211,js,7cdb75e5,Icebolt365337,2025-11-07,19:08:01,-08:00,2025-11-07T19:08:01-08:00,1,62
meta\main.js,212,js,7cdb75e5,Icebolt365337,2025-11-07,19:08:01,-08:00,2025-11-07T19:08:01-08:00,1,28
meta\main.js,213,js,7cdb75e5,Icebolt365337,2025-11-07,19:08:01,-08:00,2025-11-07T19:08:01-08:00,2,28
meta\main.js,214,js,7cdb75e5,Icebolt365337,2025-11-07,19:08:01,-08:00,2025-11-07T19:08:01-08:00,1,18
meta\main.js,215,js,7cdb75e5,Icebolt365337,2025-11-07,19:08:01,-08:00,2025-11-07T19:08:01-08:00,0,0
meta\main.js,216,js,7cdb75e5,Icebolt365337,2025-11-07,19:08:01,-08:00,2025-11-07T19:08:01-08:00,1,21
meta\main.js,217,js,7cdb75e5,Icebolt365337,2025-11-07,19:08:01,-08:00,2025-11-07T19:08:01-08:00,0,0
meta\main.js,218,js,7cdb75e5,Icebolt365337,2025-11-07,19:08:01,-08:00,2025-11-07T19:08:01-08:00,0,0
meta\main.js,219,js,7cdb75e5,Icebolt365337,2025-11-07,19:08:01,-08:00,2025-11-07T19:08:01-08:00,0,43
meta\main.js,220,js,7cdb75e5,Icebolt365337,2025-11-07,19:08:01,-08:00,2025-11-07T19:08:01-08:00,1,31
meta\main.js,221,js,7cdb75e5,Icebolt365337,2025-11-07,19:08:01,-08:00,2025-11-07T19:08:01-08:00,2,53
meta\main.js,222,js,7cdb75e5,Icebolt365337,2025-11-07,19:08:01,-08:00,2025-11-07T19:08:01-08:00,2,3
meta\main.js,223,js,7cdb75e5,Icebolt365337,2025-11-07,19:08:01,-08:00,2025-11-07T19:08:01-08:00,1,62
meta\main.js,224,js,7cdb75e5,Icebolt365337,2025-11-07,19:08:01,-08:00,2025-11-07T19:08:01-08:00,0,0
meta\main.js,225,js,7cdb75e5,Icebolt365337,2025-11-07,19:08:01,-08:00,2025-11-07T19:08:01-08:00,1,33
meta\main.js,226,js,7cdb75e5,Icebolt365337,2025-11-07,19:08:01,-08:00,2025-11-07T19:08:01-08:00,2,23
meta\main.js,227,js,7cdb75e5,Icebolt365337,2025-11-07,19:08:01,-08:00,2025-11-07T19:08:01-08:00,2,5
meta\main.js,228,js,7cdb75e5,Icebolt365337,2025-11-07,19:08:01,-08:00,2025-11-07T19:08:01-08:00,1,0
meta\main.js,229,js,7cdb75e5,Icebolt365337,2025-11-07,19:08:01,-08:00,2025-11-07T19:08:01-08:00,1,73
meta\main.js,230,js,7cdb75e5,Icebolt365337,2025-11-07,19:08:01,-08:00,2025-11-07T19:08:01-08:00,1,52
meta\main.js,231,js,7cdb75e5,Icebolt365337,2025-11-07,19:08:01,-08:00,2025-11-07T19:08:01-08:00,0,0
meta\main.js,232,js,7cdb75e5,Icebolt365337,2025-11-07,19:08:01,-08:00,2025-11-07T19:08:01-08:00,1,42
meta\main.js,233,js,7cdb75e5,Icebolt365337,2025-11-07,19:08:01,-08:00,2025-11-07T19:08:01-08:00,1,26
meta\main.js,234,js,7cdb75e5,Icebolt365337,2025-11-07,19:08:01,-08:00,2025-11-07T19:08:01-08:00,2,4
meta\main.js,235,js,7cdb75e5,Icebolt365337,2025-11-07,19:08:01,-08:00,2025-11-07T19:08:01-08:00,2,14
meta\main.js,236,js,7cdb75e5,Icebolt365337,2025-11-07,19:08:01,-08:00,2025-11-07T19:08:01-08:00,2,12
meta\main.js,237,js,7cdb75e5,Icebolt365337,2025-11-07,19:08:01,-08:00,2025-11-07T19:08:01-08:00,1,0
meta\main.js,238,js,7cdb75e5,Icebolt365337,2025-11-07,19:08:01,-08:00,2025-11-07T19:08:01-08:00,0,0
meta\main.js,239,js,7cdb75e5,Icebolt365337,2025-11-07,19:08:01,-08:00,2025-11-07T19:08:01-08:00,1,26
meta\main.js,240,js,7cdb75e5,Icebolt365337,2025-11-07,19:08:01,-08:00,2025-11-07T19:08:01-08:00,1,23
meta\main.js,241,js,7cdb75e5,Icebolt365337,2025-11-07,19:08:01,-08:00,2025-11-07T19:08:01-08:00,0,0
meta\main.js,242,js,7cdb75e5,Icebolt365337,2025-11-07,19:08:01,-08:00,2025-11-07T19:08:01-08:00,1,42
meta\main.js,243,js,7cdb75e5,Icebolt365337,2025-11-07,19:08:01,-08:00,2025-11-07T19:08:01-08:00,2,38
meta\main.js,244,js,7cdb75e5,Icebolt365337,2025-11-07,19:08:01,-08:00,2025-11-07T19:08:01-08:00,2,46
meta\main.js,245,js,7cdb75e5,Icebolt365337,2025-11-07,19:08:01,-08:00,2025-11-07T19:08:01-08:00,0,0
meta\main.js,246,js,7cdb75e5,Icebolt365337,2025-11-07,19:08:01,-08:00,2025-11-07T19:08:01-08:00,2,22
meta\main.js,247,js,7cdb75e5,Icebolt365337,2025-11-07,19:08:01,-08:00,2025-11-07T19:08:01-08:00,6,18
meta\main.js,248,js,7cdb75e5,Icebolt365337,2025-11-07,19:08:01,-08:00,2025-11-07T19:08:01-08:00,6,36
meta\main.js,249,js,7cdb75e5,Icebolt365337,2025-11-07,19:08:01,-08:00,2025-11-07T19:08:01-08:00,4,0
meta\main.js,250,js,7cdb75e5,Icebolt365337,2025-11-07,19:08:01,-08:00,2025-11-07T19:08:01-08:00,1,0
meta\main.js,251,js,b5a1c5f9,Icebolt365337,2025-11-07,00:50:51,-08:00,2025-11-07T00:50:51-08:00,0,0
meta\main.js,252,js,b5a1c5f9,Icebolt365337,2025-11-07,00:50:51,-08:00,2025-11-07T00:50:51-08:00,0,0
meta\main.js,253,js,7cdb75e5,Icebolt365337,2025-11-07,19:08:01,-08:00,2025-11-07T19:08:01-08:00,0,9
meta\main.js,254,js,7cdb75e5,Icebolt365337,2025-11-07,19:08:01,-08:00,2025-11-07T19:08:01-08:00,0,9
meta\main.js,255,js,a6b46fb3,Icebolt365337,2025-11-07,00:40:43,-08:00,2025-11-07T00:40:43-08:00,0,26
meta\main.js,256,js,a6b46fb3,Icebolt365337,2025-11-07,00:40:43,-08:00,2025-11-07T00:40:43-08:00,0,33
meta\main.js,257,js,a6b46fb3,Icebolt365337,2025-11-07,00:40:43,-08:00,2025-11-07T00:40:43-08:00,0,0
meta\main.js,258,js,b5a1c5f9,Icebolt365337,2025-11-07,00:50:51,-08:00,2025-11-07T00:50:51-08:00,0,30
meta\main.js,259,js,b5a1c5f9,Icebolt365337,2025-11-07,00:50:51,-08:00,2025-11-07T00:50:51-08:00,0,31
meta\index.html,1,html,a6b46fb3,Icebolt365337,2025-11-07,00:40:43,-08:00,2025-11-07T00:40:43-08:00,0,13
meta\index.html,2,html,a6b46fb3,Icebolt365337,2025-11-07,00:40:43,-08:00,2025-11-07T00:40:43-08:00,0,14
meta\index.html,3,html,a6b46fb3,Icebolt365337,2025-11-07,00:40:43,-08:00,2025-11-07T00:40:43-08:00,0,4
meta\index.html,4,html,a6b46fb3,Icebolt365337,2025-11-07,00:40:43,-08:00,2025-11-07T00:40:43-08:00,2,20
meta\index.html,5,html,a6b46fb3,Icebolt365337,2025-11-07,00:40:43,-08:00,2025-11-07T00:40:43-08:00,2,68
meta\index.html,6,html,a6b46fb3,Icebolt365337,2025-11-07,00:40:43,-08:00,2025-11-07T00:40:43-08:00,2,17
meta\index.html,7,html,a6b46fb3,Icebolt365337,2025-11-07,00:40:43,-08:00,2025-11-07T00:40:43-08:00,2,11
meta\index.html,8,html,a6b46fb3,Icebolt365337,2025-11-07,00:40:43,-08:00,2025-11-07T00:40:43-08:00,2,57
meta\index.html,9,html,a6b46fb3,Icebolt365337,2025-11-07,00:40:43,-08:00,2025-11-07T00:40:43-08:00,2,2
meta\index.html,10,html,a6b46fb3,Icebolt365337,2025-11-07,00:40:43,-08:00,2025-11-07T00:40:43-08:00,2,41
meta\index.html,11,html,a6b46fb3,Icebolt365337,2025-11-07,00:40:43,-08:00,2025-11-07T00:40:43-08:00,0,5
meta\index.html,12,html,a6b46fb3,Icebolt365337,2025-11-07,00:40:43,-08:00,2025-11-07T00:40:43-08:00,0,4
meta\index.html,13,html,a6b46fb3,Icebolt365337,2025-11-07,00:40:43,-08:00,2025-11-07T00:40:43-08:00,2,20
meta\index.html,14,html,b5a1c5f9,Icebolt365337,2025-11-07,00:50:51,-08:00,2025-11-07T00:50:51-08:00,2,29
meta\index.html,15,html,b5a1c5f9,Icebolt365337,2025-11-07,00:50:51,-08:00,2025-11-07T00:50:51-08:00,2,20
meta\index.html,16,html,7cdb75e5,Icebolt365337,2025-11-07,19:08:01,-08:00,2025-11-07T19:08:01-08:00,2,50
meta\index.html,17,html,7cdb75e5,Icebolt365337,2025-11-07,19:08:01,-08:00,2025-11-07T19:08:01-08:00,4,13
meta\index.html,18,html,7cdb75e5,Icebolt365337,2025-11-07,19:08:01,-08:00,2025-11-07T19:08:01-08:00,4,2
meta\index.html,19,html,7cdb75e5,Icebolt365337,2025-11-07,19:08:01,-08:00,2025-11-07T19:08:01-08:00,6,46
meta\index.html,20,html,7cdb75e5,Icebolt365337,2025-11-07,19:08:01,-08:00,2025-11-07T19:08:01-08:00,4,3
meta\index.html,21,html,7cdb75e5,Icebolt365337,2025-11-07,19:08:01,-08:00,2025-11-07T19:08:01-08:00,0,0
meta\index.html,22,html,7cdb75e5,Icebolt365337,2025-11-07,19:08:01,-08:00,2025-11-07T19:08:01-08:00,4,11
meta\index.html,23,html,7cdb75e5,Icebolt365337,2025-11-07,19:08:01,-08:00,2025-11-07T19:08:01-08:00,4,24
meta\index.html,24,html,7cdb75e5,Icebolt365337,2025-11-07,19:08:01,-08:00,2025-11-07T19:08:01-08:00,0,0
meta\index.html,25,html,7cdb75e5,Icebolt365337,2025-11-07,19:08:01,-08:00,2025-11-07T19:08:01-08:00,4,38
meta\index.html,26,html,7cdb75e5,Icebolt365337,2025-11-07,19:08:01,-08:00,2025-11-07T19:08:01-08:00,2,3
meta\index.html,27,html,7cdb75e5,Icebolt365337,2025-11-07,19:08:01,-08:00,2025-11-07T19:08:01-08:00,2,45
meta\index.html,28,html,7cdb75e5,Icebolt365337,2025-11-07,19:08:01,-08:00,2025-11-07T19:08:01-08:00,2,45
meta\index.html,29,html,a6b46fb3,Icebolt365337,2025-11-07,00:40:43,-08:00,2025-11-07T00:40:43-08:00,2,48
meta\index.html,30,html,a6b46fb3,Icebolt365337,2025-11-07,00:40:43,-08:00,2025-11-07T00:40:43-08:00,2,43
meta\index.html,31,html,a6b46fb3,Icebolt365337,2025-11-07,00:40:43,-08:00,2025-11-07T00:40:43-08:00,0,5
meta\index.html,32,html,a6b46fb3,Icebolt365337,2025-11-07,00:40:43,-08:00,2025-11-07T00:40:43-08:00,0,5
contact\index.html,1,html,18375330,Icebolt365337,2025-10-03,01:37:29,-07:00,2025-10-03T01:37:29-07:00,0,13
contact\index.html,2,html,18375330,Icebolt365337,2025-10-03,01:37:29,-07:00,2025-10-03T01:37:29-07:00,0,14
contact\index.html,3,html,18375330,Icebolt365337,2025-10-03,01:37:29,-07:00,2025-10-03T01:37:29-07:00,0,4
contact\index.html,4,html,18375330,Icebolt365337,2025-10-03,01:37:29,-07:00,2025-10-03T01:37:29-07:00,2,20
contact\index.html,5,html,18375330,Icebolt365337,2025-10-03,01:37:29,-07:00,2025-10-03T01:37:29-07:00,2,68
contact\index.html,6,html,685d27c1,Icebolt365337,2025-10-03,19:55:11,-07:00,2025-10-03T19:55:11-07:00,2,20
contact\index.html,7,html,685d27c1,Icebolt365337,2025-10-03,19:55:11,-07:00,2025-10-03T19:55:11-07:00,2,14
contact\index.html,8,html,74e5f4d5,Icebolt365337,2025-10-10,00:43:00,-07:00,2025-10-10T00:43:00-07:00,2,41
contact\index.html,9,html,18375330,Icebolt365337,2025-10-03,01:37:29,-07:00,2025-10-03T01:37:29-07:00,0,5
contact\index.html,10,html,18375330,Icebolt365337,2025-10-03,01:37:29,-07:00,2025-10-03T01:37:29-07:00,0,4
contact\index.html,11,html,9328b759,Icebolt365337,2025-10-03,21:08:00,-07:00,2025-10-03T21:08:00-07:00,0,77
contact\index.html,12,html,0b17a7f8,Icebolt365337,2025-10-03,21:49:54,-07:00,2025-10-03T21:49:54-07:00,0,66
contact\index.html,13,html,0b17a7f8,Icebolt365337,2025-10-03,21:49:54,-07:00,2025-10-03T21:49:54-07:00,0,68
contact\index.html,14,html,9328b759,Icebolt365337,2025-10-03,21:08:00,-07:00,2025-10-03T21:08:00-07:00,0,96
contact\index.html,15,html,685d27c1,Icebolt365337,2025-10-03,19:55:11,-07:00,2025-10-03T19:55:11-07:00,2,20
contact\index.html,16,html,8f38d1c5,Icebolt365337,2025-10-03,20:14:52,-07:00,2025-10-03T20:14:52-07:00,2,81
contact\index.html,17,html,685d27c1,Icebolt365337,2025-10-03,19:55:11,-07:00,2025-10-03T19:55:11-07:00,2,22
contact\index.html,18,html,53a4323a,Icebolt365337,2025-10-03,20:58:53,-07:00,2025-10-03T20:58:53-07:00,2,54
contact\index.html,19,html,685d27c1,Icebolt365337,2025-10-03,19:55:11,-07:00,2025-10-03T19:55:11-07:00,2,19
contact\index.html,20,html,8f38d1c5,Icebolt365337,2025-10-03,20:14:52,-07:00,2025-10-03T20:14:52-07:00,2,53
contact\index.html,21,html,53d29fe0,Icebolt365337,2025-10-03,20:01:18,-07:00,2025-10-03T20:01:18-07:00,2,21
contact\index.html,22,html,685d27c1,Icebolt365337,2025-10-03,19:55:11,-07:00,2025-10-03T19:55:11-07:00,0,5
contact\index.html,23,html,0d326087,Icebolt365337,2025-10-15,21:59:02,-07:00,2025-10-15T21:59:02-07:00,0,48
contact\index.html,24,html,18375330,Icebolt365337,2025-10-03,01:37:29,-07:00,2025-10-03T01:37:29-07:00,0,5
contact\index.html,25,html,18375330,Icebolt365337,2025-10-03,01:37:29,-07:00,2025-10-03T01:37:29-07:00,0,5
